instance,solver,run,nvertices,nedges,n,m,state,terminationReason,value,totalTime,totalIters,bestTime,bestIter
r_n150_p0.75_nA45_nB45_i2,heur_semigreedy2s_v2_a0.1,0,150,8347,45,45,FEASIBLE,time limit with feasible solution,13,88.836,50000,0.967138,542
r_n150_p0.5_nA30_nB45_i1,heur_semigreedy2s_v2_a0.1,0,150,5541,30,45,FEASIBLE,time limit with feasible solution,5,47.9973,50000,0.12512,129
r_n150_p0.5_nA45_nB45_i0,heur_semigreedy2s_v2_a0.1,0,150,5548,45,45,FEASIBLE,time limit with feasible solution,8,72.0538,50000,0.197446,137
r_n150_p0.75_nA30_nB45_i2,heur_semigreedy2s_v2_a0.1,0,150,8343,30,45,FEASIBLE,time limit with feasible solution,8,65.8871,50000,0.0391836,28
r_n150_p0.75_nA45_nB30_i2,heur_semigreedy2s_v2_a0.1,0,150,8354,45,30,UNKNOWN,unknown,-1,3.03621,50000,-1,18446744073709551615
r_n150_p0.75_nA45_nB30_i1,heur_semigreedy2s_v2_a0.1,0,150,8353,45,30,FEASIBLE,time limit with feasible solution,15,68.4985,50000,0.14177,101
r_n150_p0.25_nA45_nB45_i2,heur_semigreedy2s_v2_a0.1,0,150,2800,45,45,FEASIBLE,time limit with feasible solution,5,43.6678,50000,0.00632055,6
r_n150_p0.5_nA45_nB45_i1,heur_semigreedy2s_v2_a0.1,0,150,5542,45,45,FEASIBLE,time limit with feasible solution,8,72.5827,50000,0.556576,384
r_n150_p0.25_nA45_nB45_i1,heur_semigreedy2s_v2_a0.1,0,150,2820,45,45,FEASIBLE,time limit with feasible solution,5,43.4813,50000,0.00184407,1
r_n150_p0.5_nA30_nB30_i1,heur_semigreedy2s_v2_a0.1,0,150,5562,30,30,FEASIBLE,time limit with feasible solution,6,44.9415,50000,0.0139301,14
r_n150_p0.25_nA45_nB45_i0,heur_semigreedy2s_v2_a0.1,0,150,2747,45,45,FEASIBLE,time limit with feasible solution,5,43.3172,50000,0.00633721,6
r_n150_p0.75_nA45_nB45_i1,heur_semigreedy2s_v2_a0.1,0,150,8352,45,45,FEASIBLE,time limit with feasible solution,13,85.8002,50000,1.94224,1131
r_n150_p0.75_nA45_nB45_i0,heur_semigreedy2s_v2_a0.1,0,150,8394,45,45,FEASIBLE,time limit with feasible solution,13,91.3057,50000,0.227447,123
r_n150_p0.25_nA45_nB30_i1,heur_semigreedy2s_v2_a0.1,0,150,2822,45,30,FEASIBLE,time limit with feasible solution,5,39.3993,50000,23.2459,29531
r_n150_p0.5_nA45_nB30_i0,heur_semigreedy2s_v2_a0.1,0,150,5548,45,30,FEASIBLE,time limit with feasible solution,9,61.5811,50000,4.15887,3372
r_n150_p0.25_nA30_nB30_i0,heur_semigreedy2s_v2_a0.1,0,150,2747,30,30,FEASIBLE,time limit with feasible solution,3,28.8514,50000,9.75634,16904
r_n150_p0.75_nA45_nB30_i0,heur_semigreedy2s_v2_a0.1,0,150,8394,45,30,FEASIBLE,time limit with feasible solution,16,26.0515,50000,1.92793,3709
r_n150_p0.25_nA30_nB45_i2,heur_semigreedy2s_v2_a0.1,0,150,2796,30,45,FEASIBLE,time limit with feasible solution,3,30.0945,50000,0.0082295,12
r_n150_p0.5_nA45_nB30_i1,heur_semigreedy2s_v2_a0.1,0,150,5541,45,30,FEASIBLE,time limit with feasible solution,9,60.1132,50000,0.0469713,38
r_n150_p0.75_nA30_nB30_i2,heur_semigreedy2s_v2_a0.1,0,150,8343,30,30,FEASIBLE,time limit with feasible solution,8,55.0777,50000,2.5748,2328
r_n150_p0.25_nA30_nB45_i0,heur_semigreedy2s_v2_a0.1,0,150,2747,30,45,FEASIBLE,time limit with feasible solution,4,29.989,50000,0.00129228,1
r_n150_p0.25_nA45_nB30_i0,heur_semigreedy2s_v2_a0.1,0,150,2747,45,30,FEASIBLE,time limit with feasible solution,5,39.6596,50000,0.014698,17
r_n150_p0.75_nA30_nB30_i1,heur_semigreedy2s_v2_a0.1,0,150,8408,30,30,FEASIBLE,time limit with feasible solution,9,51.0931,50000,0.144567,140
r_n150_p0.25_nA45_nB30_i2,heur_semigreedy2s_v2_a0.1,0,150,2794,45,30,FEASIBLE,time limit with feasible solution,5,40.3746,50000,0.297519,368
r_n150_p0.75_nA30_nB45_i1,heur_semigreedy2s_v2_a0.1,0,150,8353,30,45,FEASIBLE,time limit with feasible solution,8,59.5658,50000,0.527924,440
r_n150_p0.25_nA30_nB45_i1,heur_semigreedy2s_v2_a0.1,0,150,2822,30,45,FEASIBLE,time limit with feasible solution,3,30.2522,50000,0.00824743,12
r_n150_p0.75_nA30_nB45_i0,heur_semigreedy2s_v2_a0.1,0,150,8394,30,45,FEASIBLE,time limit with feasible solution,8,61.2938,50000,4.22032,3440
r_n150_p0.5_nA30_nB45_i2,heur_semigreedy2s_v2_a0.1,0,150,5525,30,45,FEASIBLE,time limit with feasible solution,5,50.8156,50000,0.0632647,61
r_n150_p0.5_nA45_nB30_i2,heur_semigreedy2s_v2_a0.1,0,150,5567,45,30,UNKNOWN,unknown,-1,2.33265,50000,-1,18446744073709551615
r_n150_p0.75_nA30_nB30_i0,heur_semigreedy2s_v2_a0.1,0,150,8394,30,30,FEASIBLE,time limit with feasible solution,8,51.8168,50000,25.2659,24397
r_n150_p0.25_nA30_nB30_i1,heur_semigreedy2s_v2_a0.1,0,150,2834,30,30,FEASIBLE,time limit with feasible solution,3,27.6245,50000,0.281221,509
r_n150_p0.5_nA30_nB30_i2,heur_semigreedy2s_v2_a0.1,0,150,5522,30,30,FEASIBLE,time limit with feasible solution,5,45.1575,50000,3.37769,3742
r_n150_p0.5_nA45_nB45_i2,heur_semigreedy2s_v2_a0.1,0,150,5526,45,45,FEASIBLE,time limit with feasible solution,8,73.5381,50000,0.525316,356
r_n150_p0.5_nA30_nB30_i0,heur_semigreedy2s_v2_a0.1,0,150,5548,30,30,FEASIBLE,time limit with feasible solution,6,45.3824,50000,0.0813078,88
r_n150_p0.25_nA30_nB30_i2,heur_semigreedy2s_v2_a0.1,0,150,2797,30,30,FEASIBLE,time limit with feasible solution,3,27.8154,50000,0.0052222,8
r_n150_p0.5_nA30_nB45_i0,heur_semigreedy2s_v2_a0.1,0,150,5548,30,45,FEASIBLE,time limit with feasible solution,6,48.0957,50000,0.00701139,6
r_n150_p0.75_nA45_nB45_i2,heur_semigreedy2s_v2_a0.25,0,150,8347,45,45,FEASIBLE,time limit with feasible solution,13,88.6842,50000,0.513088,289
r_n150_p0.5_nA30_nB45_i1,heur_semigreedy2s_v2_a0.25,0,150,5541,30,45,FEASIBLE,time limit with feasible solution,5,47.8581,50000,3.12569,3270
r_n150_p0.5_nA45_nB45_i0,heur_semigreedy2s_v2_a0.25,0,150,5548,45,45,FEASIBLE,time limit with feasible solution,8,72.4393,50000,0.612839,425
r_n150_p0.75_nA30_nB45_i2,heur_semigreedy2s_v2_a0.25,0,150,8343,30,45,FEASIBLE,time limit with feasible solution,8,66.5477,50000,8.58819,6464
r_n150_p0.75_nA45_nB30_i2,heur_semigreedy2s_v2_a0.25,0,150,8354,45,30,UNKNOWN,unknown,-1,3.08036,50000,-1,18446744073709551615
r_n150_p0.75_nA45_nB30_i1,heur_semigreedy2s_v2_a0.25,0,150,8353,45,30,FEASIBLE,time limit with feasible solution,15,68.812,50000,0.142111,101
r_n150_p0.25_nA45_nB45_i2,heur_semigreedy2s_v2_a0.25,0,150,2800,45,45,FEASIBLE,time limit with feasible solution,5,43.9757,50000,0.0018549,1
r_n150_p0.5_nA45_nB45_i1,heur_semigreedy2s_v2_a0.25,0,150,5542,45,45,FEASIBLE,time limit with feasible solution,8,72.239,50000,0.303364,209
r_n150_p0.25_nA45_nB45_i1,heur_semigreedy2s_v2_a0.25,0,150,2820,45,45,FEASIBLE,time limit with feasible solution,5,44.564,50000,0.000927445,0
r_n150_p0.5_nA30_nB30_i1,heur_semigreedy2s_v2_a0.25,0,150,5562,30,30,FEASIBLE,time limit with feasible solution,6,44.6597,50000,0.00279145,2
r_n150_p0.25_nA45_nB45_i0,heur_semigreedy2s_v2_a0.25,0,150,2747,45,45,FEASIBLE,time limit with feasible solution,5,43.1192,50000,0.00361325,3
r_n150_p0.75_nA45_nB45_i1,heur_semigreedy2s_v2_a0.25,0,150,8352,45,45,FEASIBLE,time limit with feasible solution,13,85.7856,50000,3.32138,1932
r_n150_p0.75_nA45_nB45_i0,heur_semigreedy2s_v2_a0.25,0,150,8394,45,45,FEASIBLE,time limit with feasible solution,13,91.3308,50000,0.269389,148
r_n150_p0.25_nA45_nB30_i1,heur_semigreedy2s_v2_a0.25,0,150,2822,45,30,FEASIBLE,time limit with feasible solution,5,39.0071,50000,6.02546,7735
r_n150_p0.5_nA45_nB30_i0,heur_semigreedy2s_v2_a0.25,0,150,5548,45,30,FEASIBLE,time limit with feasible solution,9,62.2236,50000,5.58234,4485
r_n150_p0.25_nA30_nB30_i0,heur_semigreedy2s_v2_a0.25,0,150,2747,30,30,FEASIBLE,time limit with feasible solution,4,28.9155,50000,0.000649823,0
r_n150_p0.75_nA45_nB30_i0,heur_semigreedy2s_v2_a0.25,0,150,8394,45,30,FEASIBLE,time limit with feasible solution,16,26.3398,50000,1.9484,3709
r_n150_p0.25_nA30_nB45_i2,heur_semigreedy2s_v2_a0.25,0,150,2796,30,45,FEASIBLE,time limit with feasible solution,3,30.7077,50000,0.0126489,19
r_n150_p0.5_nA45_nB30_i1,heur_semigreedy2s_v2_a0.25,0,150,5541,45,30,FEASIBLE,time limit with feasible solution,9,60.203,50000,0.122128,100
r_n150_p0.75_nA30_nB30_i2,heur_semigreedy2s_v2_a0.25,0,150,8343,30,30,FEASIBLE,time limit with feasible solution,8,55.233,50000,52.3201,47358
r_n150_p0.25_nA30_nB45_i0,heur_semigreedy2s_v2_a0.25,0,150,2747,30,45,FEASIBLE,time limit with feasible solution,3,30.2027,50000,1.43121,2379
r_n150_p0.25_nA45_nB30_i0,heur_semigreedy2s_v2_a0.25,0,150,2747,45,30,FEASIBLE,time limit with feasible solution,5,39.956,50000,0.510134,634
r_n150_p0.75_nA30_nB30_i1,heur_semigreedy2s_v2_a0.25,0,150,8408,30,30,FEASIBLE,time limit with feasible solution,8,51.172,50000,2.68197,2620
r_n150_p0.25_nA45_nB30_i2,heur_semigreedy2s_v2_a0.25,0,150,2794,45,30,FEASIBLE,time limit with feasible solution,5,39.4671,50000,0.150017,189
r_n150_p0.75_nA30_nB45_i1,heur_semigreedy2s_v2_a0.25,0,150,8353,30,45,FEASIBLE,time limit with feasible solution,8,59.808,50000,1.31177,1097
r_n150_p0.25_nA30_nB45_i1,heur_semigreedy2s_v2_a0.25,0,150,2822,30,45,FEASIBLE,time limit with feasible solution,3,30.5586,50000,0.00578936,8
r_n150_p0.75_nA30_nB45_i0,heur_semigreedy2s_v2_a0.25,0,150,8394,30,45,FEASIBLE,time limit with feasible solution,8,61.2711,50000,0.21814,176
r_n150_p0.5_nA30_nB45_i2,heur_semigreedy2s_v2_a0.25,0,150,5525,30,45,FEASIBLE,time limit with feasible solution,5,51.5123,50000,0.125608,121
r_n150_p0.5_nA45_nB30_i2,heur_semigreedy2s_v2_a0.25,0,150,5567,45,30,UNKNOWN,unknown,-1,2.30437,50000,-1,18446744073709551615
r_n150_p0.75_nA30_nB30_i0,heur_semigreedy2s_v2_a0.25,0,150,8394,30,30,FEASIBLE,time limit with feasible solution,8,52.1017,50000,25.1931,24183
r_n150_p0.25_nA30_nB30_i1,heur_semigreedy2s_v2_a0.25,0,150,2834,30,30,FEASIBLE,time limit with feasible solution,3,28.4254,50000,0.388825,685
r_n150_p0.5_nA30_nB30_i2,heur_semigreedy2s_v2_a0.25,0,150,5522,30,30,FEASIBLE,time limit with feasible solution,5,45.5576,50000,0.191649,210
r_n150_p0.5_nA45_nB45_i2,heur_semigreedy2s_v2_a0.25,0,150,5526,45,45,FEASIBLE,time limit with feasible solution,8,73.0076,50000,1.94991,1335
r_n150_p0.5_nA30_nB30_i0,heur_semigreedy2s_v2_a0.25,0,150,5548,30,30,FEASIBLE,time limit with feasible solution,6,46.0258,50000,0.092886,100
r_n150_p0.25_nA30_nB30_i2,heur_semigreedy2s_v2_a0.25,0,150,2797,30,30,FEASIBLE,time limit with feasible solution,3,28.2088,50000,0.0127255,21
r_n150_p0.5_nA30_nB45_i0,heur_semigreedy2s_v2_a0.25,0,150,5548,30,45,FEASIBLE,time limit with feasible solution,5,49.2451,50000,11.2236,11394
r_n150_p0.75_nA45_nB45_i2,heur_semigreedy2s_v2_a0.4,0,150,8347,45,45,FEASIBLE,time limit with feasible solution,13,88.9005,50000,0.77208,432
r_n150_p0.5_nA30_nB45_i1,heur_semigreedy2s_v2_a0.4,0,150,5541,30,45,FEASIBLE,time limit with feasible solution,5,48.4859,50000,12.5913,12985
r_n150_p0.5_nA45_nB45_i0,heur_semigreedy2s_v2_a0.4,0,150,5548,45,45,FEASIBLE,time limit with feasible solution,8,72.3721,50000,0.543865,375
r_n150_p0.75_nA30_nB45_i2,heur_semigreedy2s_v2_a0.4,0,150,8343,30,45,FEASIBLE,time limit with feasible solution,8,66.6091,50000,2.55854,1914
r_n150_p0.75_nA45_nB30_i2,heur_semigreedy2s_v2_a0.4,0,150,8354,45,30,UNKNOWN,unknown,-1,3.0178,50000,-1,18446744073709551615
r_n150_p0.75_nA45_nB30_i1,heur_semigreedy2s_v2_a0.4,0,150,8353,45,30,FEASIBLE,time limit with feasible solution,15,68.6647,50000,0.0970824,69
r_n150_p0.25_nA45_nB45_i2,heur_semigreedy2s_v2_a0.4,0,150,2800,45,45,FEASIBLE,time limit with feasible solution,5,44.2966,50000,0.00554999,5
r_n150_p0.5_nA45_nB45_i1,heur_semigreedy2s_v2_a0.4,0,150,5542,45,45,FEASIBLE,time limit with feasible solution,8,72.6781,50000,0.360903,248
r_n150_p0.25_nA45_nB45_i1,heur_semigreedy2s_v2_a0.4,0,150,2820,45,45,FEASIBLE,time limit with feasible solution,5,44.5222,50000,0.00187312,1
r_n150_p0.5_nA30_nB30_i1,heur_semigreedy2s_v2_a0.4,0,150,5562,30,30,FEASIBLE,time limit with feasible solution,6,44.9729,50000,0.00284997,2
r_n150_p0.25_nA45_nB45_i0,heur_semigreedy2s_v2_a0.4,0,150,2747,45,45,FEASIBLE,time limit with feasible solution,5,43.512,50000,0.00269806,2
r_n150_p0.75_nA45_nB45_i1,heur_semigreedy2s_v2_a0.4,0,150,8352,45,45,FEASIBLE,time limit with feasible solution,13,85.7308,50000,2.61383,1530
r_n150_p0.75_nA45_nB45_i0,heur_semigreedy2s_v2_a0.4,0,150,8394,45,45,FEASIBLE,time limit with feasible solution,13,91.3888,50000,0.0674575,35
r_n150_p0.25_nA45_nB30_i1,heur_semigreedy2s_v2_a0.4,0,150,2822,45,30,FEASIBLE,time limit with feasible solution,5,39.1159,50000,2.43257,3118
r_n150_p0.5_nA45_nB30_i0,heur_semigreedy2s_v2_a0.4,0,150,5548,45,30,FEASIBLE,time limit with feasible solution,9,61.4172,50000,6.9363,5656
r_n150_p0.25_nA30_nB30_i0,heur_semigreedy2s_v2_a0.4,0,150,2747,30,30,FEASIBLE,time limit with feasible solution,3,28.6839,50000,3.56563,6225
r_n150_p0.75_nA45_nB30_i0,heur_semigreedy2s_v2_a0.4,0,150,8394,45,30,FEASIBLE,time limit with feasible solution,16,25.9766,50000,1.92715,3704
r_n150_p0.25_nA30_nB45_i2,heur_semigreedy2s_v2_a0.4,0,150,2796,30,45,FEASIBLE,time limit with feasible solution,3,31.1917,50000,0.0843052,133
r_n150_p0.5_nA45_nB30_i1,heur_semigreedy2s_v2_a0.4,0,150,5541,45,30,FEASIBLE,time limit with feasible solution,9,60.2092,50000,0.152637,127
r_n150_p0.75_nA30_nB30_i2,heur_semigreedy2s_v2_a0.4,0,150,8343,30,30,FEASIBLE,time limit with feasible solution,8,54.7777,50000,39.6382,36173
r_n150_p0.25_nA30_nB45_i0,heur_semigreedy2s_v2_a0.4,0,150,2747,30,45,FEASIBLE,time limit with feasible solution,3,30.0634,50000,6.64701,11048
r_n150_p0.25_nA45_nB30_i0,heur_semigreedy2s_v2_a0.4,0,150,2747,45,30,FEASIBLE,time limit with feasible solution,5,39.6701,50000,0.00912639,10
r_n150_p0.75_nA30_nB30_i1,heur_semigreedy2s_v2_a0.4,0,150,8408,30,30,FEASIBLE,time limit with feasible solution,8,51.2175,50000,40.7008,39720
r_n150_p0.25_nA45_nB30_i2,heur_semigreedy2s_v2_a0.4,0,150,2794,45,30,FEASIBLE,time limit with feasible solution,5,40.0974,50000,0.574817,718
r_n150_p0.75_nA30_nB45_i1,heur_semigreedy2s_v2_a0.4,0,150,8353,30,45,FEASIBLE,time limit with feasible solution,8,59.9863,50000,3.16078,2629
r_n150_p0.25_nA30_nB45_i1,heur_semigreedy2s_v2_a0.4,0,150,2822,30,45,FEASIBLE,time limit with feasible solution,3,31.2264,50000,0.0644252,102
r_n150_p0.75_nA30_nB45_i0,heur_semigreedy2s_v2_a0.4,0,150,8394,30,45,FEASIBLE,time limit with feasible solution,8,60.8748,50000,11.2509,9241
r_n150_p0.5_nA30_nB45_i2,heur_semigreedy2s_v2_a0.4,0,150,5525,30,45,FEASIBLE,time limit with feasible solution,5,51.7182,50000,1.39405,1348
r_n150_p0.5_nA45_nB30_i2,heur_semigreedy2s_v2_a0.4,0,150,5567,45,30,UNKNOWN,unknown,-1,2.31002,50000,-1,18446744073709551615
r_n150_p0.75_nA30_nB30_i0,heur_semigreedy2s_v2_a0.4,0,150,8394,30,30,FEASIBLE,time limit with feasible solution,9,51.9707,50000,0.0130379,11
r_n150_p0.25_nA30_nB30_i1,heur_semigreedy2s_v2_a0.4,0,150,2834,30,30,FEASIBLE,time limit with feasible solution,3,28.4596,50000,0.916676,1608
r_n150_p0.5_nA30_nB30_i2,heur_semigreedy2s_v2_a0.4,0,150,5522,30,30,FEASIBLE,time limit with feasible solution,6,45.1795,50000,0.00649664,6
r_n150_p0.5_nA45_nB45_i2,heur_semigreedy2s_v2_a0.4,0,150,5526,45,45,FEASIBLE,time limit with feasible solution,8,72.9572,50000,3.92894,2687
r_n150_p0.5_nA30_nB30_i0,heur_semigreedy2s_v2_a0.4,0,150,5548,30,30,FEASIBLE,time limit with feasible solution,6,46.1457,50000,0.0848705,91
r_n150_p0.25_nA30_nB30_i2,heur_semigreedy2s_v2_a0.4,0,150,2797,30,30,FEASIBLE,time limit with feasible solution,3,28.1696,50000,0.10332,182
r_n150_p0.5_nA30_nB45_i0,heur_semigreedy2s_v2_a0.4,0,150,5548,30,45,FEASIBLE,time limit with feasible solution,6,48.6315,50000,0.00613123,5
r_n150_p0.75_nA45_nB45_i2,heur_semigreedy2s_v2_a0.3,0,150,8347,45,45,FEASIBLE,time limit with feasible solution,13,88.7991,50000,0.806581,454
r_n150_p0.5_nA30_nB45_i1,heur_semigreedy2s_v2_a0.3,0,150,5541,30,45,FEASIBLE,time limit with feasible solution,5,48.036,50000,1.36702,1423
r_n150_p0.5_nA45_nB45_i0,heur_semigreedy2s_v2_a0.3,0,150,5548,45,45,FEASIBLE,time limit with feasible solution,8,72.4584,50000,0.653079,449
r_n150_p0.75_nA30_nB45_i2,heur_semigreedy2s_v2_a0.3,0,150,8343,30,45,FEASIBLE,time limit with feasible solution,8,66.6701,50000,0.767312,571
r_n150_p0.75_nA45_nB30_i2,heur_semigreedy2s_v2_a0.3,0,150,8354,45,30,UNKNOWN,unknown,-1,3.02849,50000,-1,18446744073709551615
r_n150_p0.75_nA45_nB30_i1,heur_semigreedy2s_v2_a0.3,0,150,8353,45,30,FEASIBLE,time limit with feasible solution,15,68.6484,50000,0.141441,101
r_n150_p0.25_nA45_nB45_i2,heur_semigreedy2s_v2_a0.3,0,150,2800,45,45,FEASIBLE,time limit with feasible solution,5,44.3942,50000,0.00186433,1
r_n150_p0.5_nA45_nB45_i1,heur_semigreedy2s_v2_a0.3,0,150,5542,45,45,FEASIBLE,time limit with feasible solution,8,72.6887,50000,0.328074,225
r_n150_p0.25_nA45_nB45_i1,heur_semigreedy2s_v2_a0.3,0,150,2820,45,45,FEASIBLE,time limit with feasible solution,5,43.9657,50000,0.00457713,4
r_n150_p0.5_nA30_nB30_i1,heur_semigreedy2s_v2_a0.3,0,150,5562,30,30,FEASIBLE,time limit with feasible solution,6,45.1239,50000,0.00286833,2
r_n150_p0.25_nA45_nB45_i0,heur_semigreedy2s_v2_a0.3,0,150,2747,45,45,FEASIBLE,time limit with feasible solution,5,43.6147,50000,0.000940605,0
r_n150_p0.75_nA45_nB45_i1,heur_semigreedy2s_v2_a0.3,0,150,8352,45,45,FEASIBLE,time limit with feasible solution,13,85.6331,50000,0.718309,418
r_n150_p0.75_nA45_nB45_i0,heur_semigreedy2s_v2_a0.3,0,150,8394,45,45,FEASIBLE,time limit with feasible solution,13,91.9142,50000,0.520036,283
r_n150_p0.25_nA45_nB30_i1,heur_semigreedy2s_v2_a0.3,0,150,2822,45,30,FEASIBLE,time limit with feasible solution,5,39.2284,50000,5.3103,6784
r_n150_p0.5_nA45_nB30_i0,heur_semigreedy2s_v2_a0.3,0,150,5548,45,30,FEASIBLE,time limit with feasible solution,9,61.8069,50000,6.02951,4880
r_n150_p0.25_nA30_nB30_i0,heur_semigreedy2s_v2_a0.3,0,150,2747,30,30,FEASIBLE,time limit with feasible solution,3,28.5179,50000,17.6117,30848
r_n150_p0.75_nA45_nB30_i0,heur_semigreedy2s_v2_a0.3,0,150,8394,45,30,FEASIBLE,time limit with feasible solution,16,26.0682,50000,1.92645,3709
r_n150_p0.25_nA30_nB45_i2,heur_semigreedy2s_v2_a0.3,0,150,2796,30,45,FEASIBLE,time limit with feasible solution,3,30.6956,50000,0.0094261,14
r_n150_p0.5_nA45_nB30_i1,heur_semigreedy2s_v2_a0.3,0,150,5541,45,30,FEASIBLE,time limit with feasible solution,9,60.1076,50000,0.28976,241
r_n150_p0.75_nA30_nB30_i2,heur_semigreedy2s_v2_a0.3,0,150,8343,30,30,FEASIBLE,time limit with feasible solution,8,55.0442,50000,6.63103,6021
r_n150_p0.25_nA30_nB45_i0,heur_semigreedy2s_v2_a0.3,0,150,2747,30,45,FEASIBLE,time limit with feasible solution,3,30.3111,50000,4.63621,7642
r_n150_p0.25_nA45_nB30_i0,heur_semigreedy2s_v2_a0.3,0,150,2747,45,30,FEASIBLE,time limit with feasible solution,5,40.2076,50000,0.00505758,5
r_n150_p0.75_nA30_nB30_i1,heur_semigreedy2s_v2_a0.3,0,150,8408,30,30,FEASIBLE,time limit with feasible solution,8,51.0779,50000,2.68334,2621
r_n150_p0.25_nA45_nB30_i2,heur_semigreedy2s_v2_a0.3,0,150,2794,45,30,FEASIBLE,time limit with feasible solution,5,40.0649,50000,0.135328,167
r_n150_p0.75_nA30_nB45_i1,heur_semigreedy2s_v2_a0.3,0,150,8353,30,45,FEASIBLE,time limit with feasible solution,8,59.7249,50000,1.00252,836
r_n150_p0.25_nA30_nB45_i1,heur_semigreedy2s_v2_a0.3,0,150,2822,30,45,FEASIBLE,time limit with feasible solution,3,30.8196,50000,0.0157495,24
r_n150_p0.75_nA30_nB45_i0,heur_semigreedy2s_v2_a0.3,0,150,8394,30,45,FEASIBLE,time limit with feasible solution,8,60.9449,50000,1.27819,1048
r_n150_p0.5_nA30_nB45_i2,heur_semigreedy2s_v2_a0.3,0,150,5525,30,45,FEASIBLE,time limit with feasible solution,5,51.559,50000,0.00109967,0
r_n150_p0.5_nA45_nB30_i2,heur_semigreedy2s_v2_a0.3,0,150,5567,45,30,UNKNOWN,unknown,-1,2.30891,50000,-1,18446744073709551615
r_n150_p0.75_nA30_nB30_i0,heur_semigreedy2s_v2_a0.3,0,150,8394,30,30,FEASIBLE,time limit with feasible solution,9,52.0956,50000,0.0253525,23
r_n150_p0.25_nA30_nB30_i1,heur_semigreedy2s_v2_a0.3,0,150,2834,30,30,FEASIBLE,time limit with feasible solution,3,28.123,50000,1.35729,2398
r_n150_p0.5_nA30_nB30_i2,heur_semigreedy2s_v2_a0.3,0,150,5522,30,30,FEASIBLE,time limit with feasible solution,5,44.9719,50000,8.24307,9176
r_n150_p0.5_nA45_nB45_i2,heur_semigreedy2s_v2_a0.3,0,150,5526,45,45,FEASIBLE,time limit with feasible solution,8,73.3095,50000,0.173047,117
r_n150_p0.5_nA30_nB30_i0,heur_semigreedy2s_v2_a0.3,0,150,5548,30,30,FEASIBLE,time limit with feasible solution,6,45.59,50000,0.0323205,34
r_n150_p0.25_nA30_nB30_i2,heur_semigreedy2s_v2_a0.3,0,150,2797,30,30,FEASIBLE,time limit with feasible solution,3,27.9594,50000,0.0385327,68
r_n150_p0.5_nA30_nB45_i0,heur_semigreedy2s_v2_a0.3,0,150,5548,30,45,FEASIBLE,time limit with feasible solution,5,48.7574,50000,18.2899,18752
r_n150_p0.75_nA45_nB45_i2,heur_semigreedy2s_v2_a0.15,0,150,8347,45,45,FEASIBLE,time limit with feasible solution,13,88.9323,50000,10.0239,5634
r_n150_p0.5_nA30_nB45_i1,heur_semigreedy2s_v2_a0.15,0,150,5541,30,45,FEASIBLE,time limit with feasible solution,5,48.1128,50000,0.49843,517
r_n150_p0.5_nA45_nB45_i0,heur_semigreedy2s_v2_a0.15,0,150,5548,45,45,FEASIBLE,time limit with feasible solution,8,72.9074,50000,0.837738,576
r_n150_p0.75_nA30_nB45_i2,heur_semigreedy2s_v2_a0.15,0,150,8343,30,45,FEASIBLE,time limit with feasible solution,8,66.0711,50000,0.378671,285
r_n150_p0.75_nA45_nB30_i2,heur_semigreedy2s_v2_a0.15,0,150,8354,45,30,UNKNOWN,unknown,-1,3.05236,50000,-1,18446744073709551615
r_n150_p0.75_nA45_nB30_i1,heur_semigreedy2s_v2_a0.15,0,150,8353,45,30,FEASIBLE,time limit with feasible solution,15,68.464,50000,0.140946,101
r_n150_p0.25_nA45_nB45_i2,heur_semigreedy2s_v2_a0.15,0,150,2800,45,45,FEASIBLE,time limit with feasible solution,5,44.6671,50000,0.0100826,10
r_n150_p0.5_nA45_nB45_i1,heur_semigreedy2s_v2_a0.15,0,150,5542,45,45,FEASIBLE,time limit with feasible solution,8,72.2977,50000,1.32216,915
r_n150_p0.25_nA45_nB45_i1,heur_semigreedy2s_v2_a0.15,0,150,2820,45,45,FEASIBLE,time limit with feasible solution,5,44.1864,50000,0.00190595,1
r_n150_p0.5_nA30_nB30_i1,heur_semigreedy2s_v2_a0.15,0,150,5562,30,30,FEASIBLE,time limit with feasible solution,6,44.6379,50000,0.00366817,3
r_n150_p0.25_nA45_nB45_i0,heur_semigreedy2s_v2_a0.15,0,150,2747,45,45,FEASIBLE,time limit with feasible solution,5,43.1756,50000,0.0141671,15
r_n150_p0.75_nA45_nB45_i1,heur_semigreedy2s_v2_a0.15,0,150,8352,45,45,FEASIBLE,time limit with feasible solution,13,85.8887,50000,1.93534,1130
r_n150_p0.75_nA45_nB45_i0,heur_semigreedy2s_v2_a0.15,0,150,8394,45,45,FEASIBLE,time limit with feasible solution,13,90.6691,50000,0.926081,509
r_n150_p0.25_nA45_nB30_i1,heur_semigreedy2s_v2_a0.15,0,150,2822,45,30,FEASIBLE,time limit with feasible solution,5,39.0531,50000,12.0271,15373
r_n150_p0.5_nA45_nB30_i0,heur_semigreedy2s_v2_a0.15,0,150,5548,45,30,FEASIBLE,time limit with feasible solution,9,61.7277,50000,2.12356,1725
r_n150_p0.25_nA30_nB30_i0,heur_semigreedy2s_v2_a0.15,0,150,2747,30,30,FEASIBLE,time limit with feasible solution,3,28.6999,50000,3.77911,6612
r_n150_p0.75_nA45_nB30_i0,heur_semigreedy2s_v2_a0.15,0,150,8394,45,30,FEASIBLE,time limit with feasible solution,16,26.2081,50000,1.94492,3709
r_n150_p0.25_nA30_nB45_i2,heur_semigreedy2s_v2_a0.15,0,150,2796,30,45,FEASIBLE,time limit with feasible solution,3,30.1688,50000,0.0148071,23
r_n150_p0.5_nA45_nB30_i1,heur_semigreedy2s_v2_a0.15,0,150,5541,45,30,FEASIBLE,time limit with feasible solution,9,59.9737,50000,0.0426816,35
r_n150_p0.75_nA30_nB30_i2,heur_semigreedy2s_v2_a0.15,0,150,8343,30,30,FEASIBLE,time limit with feasible solution,8,55.1833,50000,2.57325,2332
r_n150_p0.25_nA30_nB45_i0,heur_semigreedy2s_v2_a0.15,0,150,2747,30,45,FEASIBLE,time limit with feasible solution,3,30.2558,50000,13.4945,22313
r_n150_p0.25_nA45_nB30_i0,heur_semigreedy2s_v2_a0.15,0,150,2747,45,30,FEASIBLE,time limit with feasible solution,5,40.2483,50000,0.853595,1059
r_n150_p0.75_nA30_nB30_i1,heur_semigreedy2s_v2_a0.15,0,150,8408,30,30,FEASIBLE,time limit with feasible solution,8,51.0996,50000,35.7487,34969
r_n150_p0.25_nA45_nB30_i2,heur_semigreedy2s_v2_a0.15,0,150,2794,45,30,FEASIBLE,time limit with feasible solution,5,39.869,50000,0.299633,377
r_n150_p0.75_nA30_nB45_i1,heur_semigreedy2s_v2_a0.15,0,150,8353,30,45,FEASIBLE,time limit with feasible solution,8,59.5547,50000,9.88342,8313
r_n150_p0.25_nA30_nB45_i1,heur_semigreedy2s_v2_a0.15,0,150,2822,30,45,FEASIBLE,time limit with feasible solution,3,30.2902,50000,0.0485833,78
r_n150_p0.75_nA30_nB45_i0,heur_semigreedy2s_v2_a0.15,0,150,8394,30,45,FEASIBLE,time limit with feasible solution,8,60.9905,50000,3.89253,3190
r_n150_p0.5_nA30_nB45_i2,heur_semigreedy2s_v2_a0.15,0,150,5525,30,45,FEASIBLE,time limit with feasible solution,5,51.177,50000,0.0785572,76
r_n150_p0.5_nA45_nB30_i2,heur_semigreedy2s_v2_a0.15,0,150,5567,45,30,UNKNOWN,unknown,-1,2.33007,50000,-1,18446744073709551615
r_n150_p0.75_nA30_nB30_i0,heur_semigreedy2s_v2_a0.15,0,150,8394,30,30,FEASIBLE,time limit with feasible solution,8,52.0287,50000,25.3857,24391
r_n150_p0.25_nA30_nB30_i1,heur_semigreedy2s_v2_a0.15,0,150,2834,30,30,FEASIBLE,time limit with feasible solution,3,27.8104,50000,1.94932,3511
r_n150_p0.5_nA30_nB30_i2,heur_semigreedy2s_v2_a0.15,0,150,5522,30,30,FEASIBLE,time limit with feasible solution,5,45.3595,50000,3.31364,3657
r_n150_p0.5_nA45_nB45_i2,heur_semigreedy2s_v2_a0.15,0,150,5526,45,45,FEASIBLE,time limit with feasible solution,8,73.2091,50000,0.522148,356
r_n150_p0.5_nA30_nB30_i0,heur_semigreedy2s_v2_a0.15,0,150,5548,30,30,FEASIBLE,time limit with feasible solution,6,45.1291,50000,0.0528705,57
r_n150_p0.25_nA30_nB30_i2,heur_semigreedy2s_v2_a0.15,0,150,2797,30,30,FEASIBLE,time limit with feasible solution,3,27.7831,50000,0.00627104,10
r_n150_p0.5_nA30_nB45_i0,heur_semigreedy2s_v2_a0.15,0,150,5548,30,45,FEASIBLE,time limit with feasible solution,6,48.4813,50000,0.0341508,34
r_n150_p0.75_nA45_nB45_i2,heur_semigreedy2s_v2_a0.35,0,150,8347,45,45,FEASIBLE,time limit with feasible solution,13,88.7974,50000,0.483816,272
r_n150_p0.5_nA30_nB45_i1,heur_semigreedy2s_v2_a0.35,0,150,5541,30,45,FEASIBLE,time limit with feasible solution,5,48.1096,50000,3.87551,4041
r_n150_p0.5_nA45_nB45_i0,heur_semigreedy2s_v2_a0.35,0,150,5548,45,45,FEASIBLE,time limit with feasible solution,8,72.8694,50000,0.931721,639
r_n150_p0.75_nA30_nB45_i2,heur_semigreedy2s_v2_a0.35,0,150,8343,30,45,FEASIBLE,time limit with feasible solution,8,66.2236,50000,10.4269,7874
r_n150_p0.75_nA45_nB30_i2,heur_semigreedy2s_v2_a0.35,0,150,8354,45,30,UNKNOWN,unknown,-1,3.04772,50000,-1,18446744073709551615
r_n150_p0.75_nA45_nB30_i1,heur_semigreedy2s_v2_a0.35,0,150,8353,45,30,FEASIBLE,time limit with feasible solution,15,68.6343,50000,0.0980185,69
r_n150_p0.25_nA45_nB45_i2,heur_semigreedy2s_v2_a0.35,0,150,2800,45,45,FEASIBLE,time limit with feasible solution,5,43.9503,50000,0.00184119,1
r_n150_p0.5_nA45_nB45_i1,heur_semigreedy2s_v2_a0.35,0,150,5542,45,45,FEASIBLE,time limit with feasible solution,8,71.9769,50000,0.102442,70
r_n150_p0.25_nA45_nB45_i1,heur_semigreedy2s_v2_a0.35,0,150,2820,45,45,FEASIBLE,time limit with feasible solution,5,44.3608,50000,0.00740522,7
r_n150_p0.5_nA30_nB30_i1,heur_semigreedy2s_v2_a0.35,0,150,5562,30,30,FEASIBLE,time limit with feasible solution,5,44.6337,50000,15.5194,17402
r_n150_p0.25_nA45_nB45_i0,heur_semigreedy2s_v2_a0.35,0,150,2747,45,45,FEASIBLE,time limit with feasible solution,5,43.2553,50000,0.00360586,3
r_n150_p0.75_nA45_nB45_i1,heur_semigreedy2s_v2_a0.35,0,150,8352,45,45,FEASIBLE,time limit with feasible solution,13,85.7495,50000,0.990645,573
r_n150_p0.75_nA45_nB45_i0,heur_semigreedy2s_v2_a0.35,0,150,8394,45,45,FEASIBLE,time limit with feasible solution,13,91.3613,50000,0.582002,315
r_n150_p0.25_nA45_nB30_i1,heur_semigreedy2s_v2_a0.35,0,150,2822,45,30,FEASIBLE,time limit with feasible solution,5,39.7837,50000,0.364736,454
r_n150_p0.5_nA45_nB30_i0,heur_semigreedy2s_v2_a0.35,0,150,5548,45,30,FEASIBLE,time limit with feasible solution,9,61.6827,50000,5.97672,4860
r_n150_p0.25_nA30_nB30_i0,heur_semigreedy2s_v2_a0.35,0,150,2747,30,30,FEASIBLE,time limit with feasible solution,3,28.8177,50000,5.04346,8774
r_n150_p0.75_nA45_nB30_i0,heur_semigreedy2s_v2_a0.35,0,150,8394,45,30,FEASIBLE,time limit with feasible solution,16,26.3058,50000,1.94562,3704
r_n150_p0.25_nA30_nB45_i2,heur_semigreedy2s_v2_a0.35,0,150,2796,30,45,FEASIBLE,time limit with feasible solution,3,30.704,50000,0.0685418,110
r_n150_p0.5_nA45_nB30_i1,heur_semigreedy2s_v2_a0.35,0,150,5541,45,30,FEASIBLE,time limit with feasible solution,9,60.3384,50000,0.0190889,15
r_n150_p0.75_nA30_nB30_i2,heur_semigreedy2s_v2_a0.35,0,150,8343,30,30,FEASIBLE,time limit with feasible solution,8,55.1415,50000,15.3294,13897
r_n150_p0.25_nA30_nB45_i0,heur_semigreedy2s_v2_a0.35,0,150,2747,30,45,FEASIBLE,time limit with feasible solution,3,30.2838,50000,4.6202,7610
r_n150_p0.25_nA45_nB30_i0,heur_semigreedy2s_v2_a0.35,0,150,2747,45,30,FEASIBLE,time limit with feasible solution,5,40.0202,50000,0.161168,199
r_n150_p0.75_nA30_nB30_i1,heur_semigreedy2s_v2_a0.35,0,150,8408,30,30,FEASIBLE,time limit with feasible solution,8,51.3465,50000,10.6647,10406
r_n150_p0.25_nA45_nB30_i2,heur_semigreedy2s_v2_a0.35,0,150,2794,45,30,FEASIBLE,time limit with feasible solution,5,40.617,50000,0.108659,133
r_n150_p0.75_nA30_nB45_i1,heur_semigreedy2s_v2_a0.35,0,150,8353,30,45,FEASIBLE,time limit with feasible solution,8,59.9163,50000,0.127007,104
r_n150_p0.25_nA30_nB45_i1,heur_semigreedy2s_v2_a0.35,0,150,2822,30,45,FEASIBLE,time limit with feasible solution,3,30.83,50000,0.106417,171
r_n150_p0.75_nA30_nB45_i0,heur_semigreedy2s_v2_a0.35,0,150,8394,30,45,FEASIBLE,time limit with feasible solution,8,61.0818,50000,11.194,9141
r_n150_p0.5_nA30_nB45_i2,heur_semigreedy2s_v2_a0.35,0,150,5525,30,45,FEASIBLE,time limit with feasible solution,5,51.6953,50000,0.300627,290
r_n150_p0.5_nA45_nB30_i2,heur_semigreedy2s_v2_a0.35,0,150,5567,45,30,UNKNOWN,unknown,-1,2.32692,50000,-1,18446744073709551615
r_n150_p0.75_nA30_nB30_i0,heur_semigreedy2s_v2_a0.35,0,150,8394,30,30,FEASIBLE,time limit with feasible solution,8,52.0669,50000,38.7518,37202
r_n150_p0.25_nA30_nB30_i1,heur_semigreedy2s_v2_a0.35,0,150,2834,30,30,FEASIBLE,time limit with feasible solution,3,28.716,50000,0.783021,1366
r_n150_p0.5_nA30_nB30_i2,heur_semigreedy2s_v2_a0.35,0,150,5522,30,30,FEASIBLE,time limit with feasible solution,5,45.5445,50000,33.7529,37072
r_n150_p0.5_nA45_nB45_i2,heur_semigreedy2s_v2_a0.35,0,150,5526,45,45,FEASIBLE,time limit with feasible solution,8,73.3687,50000,1.38219,940
r_n150_p0.5_nA30_nB30_i0,heur_semigreedy2s_v2_a0.35,0,150,5548,30,30,FEASIBLE,time limit with feasible solution,5,45.8997,50000,32.2622,35134
r_n150_p0.25_nA30_nB30_i2,heur_semigreedy2s_v2_a0.35,0,150,2797,30,30,FEASIBLE,time limit with feasible solution,3,28.0957,50000,0.00877135,14
r_n150_p0.5_nA30_nB45_i0,heur_semigreedy2s_v2_a0.35,0,150,5548,30,45,FEASIBLE,time limit with feasible solution,5,49.0572,50000,9.98774,10167
r_n150_p0.75_nA45_nB45_i2,heur_semigreedy2s_v2_a0.2,0,150,8347,45,45,FEASIBLE,time limit with feasible solution,13,89.1079,50000,1.67494,940
r_n150_p0.5_nA30_nB45_i1,heur_semigreedy2s_v2_a0.2,0,150,5541,30,45,FEASIBLE,time limit with feasible solution,5,47.9693,50000,3.05286,3194
r_n150_p0.5_nA45_nB45_i0,heur_semigreedy2s_v2_a0.2,0,150,5548,45,45,FEASIBLE,time limit with feasible solution,8,72.1887,50000,0.262104,180
r_n150_p0.75_nA30_nB45_i2,heur_semigreedy2s_v2_a0.2,0,150,8343,30,45,FEASIBLE,time limit with feasible solution,8,66.3864,50000,3.37172,2530
r_n150_p0.75_nA45_nB30_i2,heur_semigreedy2s_v2_a0.2,0,150,8354,45,30,UNKNOWN,unknown,-1,3.04487,50000,-1,18446744073709551615
r_n150_p0.75_nA45_nB30_i1,heur_semigreedy2s_v2_a0.2,0,150,8353,45,30,FEASIBLE,time limit with feasible solution,15,68.8559,50000,0.142137,101
r_n150_p0.25_nA45_nB45_i2,heur_semigreedy2s_v2_a0.2,0,150,2800,45,45,FEASIBLE,time limit with feasible solution,5,44.3333,50000,0.00370594,3
r_n150_p0.5_nA45_nB45_i1,heur_semigreedy2s_v2_a0.2,0,150,5542,45,45,FEASIBLE,time limit with feasible solution,8,73.3272,50000,0.143815,98
r_n150_p0.25_nA45_nB45_i1,heur_semigreedy2s_v2_a0.2,0,150,2820,45,45,FEASIBLE,time limit with feasible solution,5,44.0785,50000,0.00181903,1
r_n150_p0.5_nA30_nB30_i1,heur_semigreedy2s_v2_a0.2,0,150,5562,30,30,FEASIBLE,time limit with feasible solution,6,45.0926,50000,0.0119448,12
r_n150_p0.25_nA45_nB45_i0,heur_semigreedy2s_v2_a0.2,0,150,2747,45,45,FEASIBLE,time limit with feasible solution,4,42.9921,50000,41.0824,47780
r_n150_p0.75_nA45_nB45_i1,heur_semigreedy2s_v2_a0.2,0,150,8352,45,45,FEASIBLE,time limit with feasible solution,13,85.6287,50000,0.718354,418
r_n150_p0.75_nA45_nB45_i0,heur_semigreedy2s_v2_a0.2,0,150,8394,45,45,FEASIBLE,time limit with feasible solution,13,91.1962,50000,0.0738852,39
r_n150_p0.25_nA45_nB30_i1,heur_semigreedy2s_v2_a0.2,0,150,2822,45,30,FEASIBLE,time limit with feasible solution,5,39.1036,50000,6.40786,8195
r_n150_p0.5_nA45_nB30_i0,heur_semigreedy2s_v2_a0.2,0,150,5548,45,30,FEASIBLE,time limit with feasible solution,9,61.841,50000,0.99828,805
r_n150_p0.25_nA30_nB30_i0,heur_semigreedy2s_v2_a0.2,0,150,2747,30,30,FEASIBLE,time limit with feasible solution,3,29.1375,50000,5.08343,8753
r_n150_p0.75_nA45_nB30_i0,heur_semigreedy2s_v2_a0.2,0,150,8394,45,30,FEASIBLE,time limit with feasible solution,16,26.1856,50000,1.93552,3709
r_n150_p0.25_nA30_nB45_i2,heur_semigreedy2s_v2_a0.2,0,150,2796,30,45,FEASIBLE,time limit with feasible solution,3,30.2396,50000,0.027209,43
r_n150_p0.5_nA45_nB30_i1,heur_semigreedy2s_v2_a0.2,0,150,5541,45,30,FEASIBLE,time limit with feasible solution,9,60.1925,50000,0.0137033,10
r_n150_p0.75_nA30_nB30_i2,heur_semigreedy2s_v2_a0.2,0,150,8343,30,30,FEASIBLE,time limit with feasible solution,8,54.9168,50000,51.8066,47172
r_n150_p0.25_nA30_nB45_i0,heur_semigreedy2s_v2_a0.2,0,150,2747,30,45,FEASIBLE,time limit with feasible solution,3,30.0285,50000,3.51906,5843
r_n150_p0.25_nA45_nB30_i0,heur_semigreedy2s_v2_a0.2,0,150,2747,45,30,FEASIBLE,time limit with feasible solution,5,39.7544,50000,0.257837,324
r_n150_p0.75_nA30_nB30_i1,heur_semigreedy2s_v2_a0.2,0,150,8408,30,30,FEASIBLE,time limit with feasible solution,9,51.2568,50000,0.00214936,1
r_n150_p0.25_nA45_nB30_i2,heur_semigreedy2s_v2_a0.2,0,150,2794,45,30,FEASIBLE,time limit with feasible solution,5,40.1143,50000,0.352773,440
r_n150_p0.75_nA30_nB45_i1,heur_semigreedy2s_v2_a0.2,0,150,8353,30,45,FEASIBLE,time limit with feasible solution,8,59.7165,50000,2.67047,2223
r_n150_p0.25_nA30_nB45_i1,heur_semigreedy2s_v2_a0.2,0,150,2822,30,45,FEASIBLE,time limit with feasible solution,3,30.467,50000,0.0949655,152
r_n150_p0.75_nA30_nB45_i0,heur_semigreedy2s_v2_a0.2,0,150,8394,30,45,FEASIBLE,time limit with feasible solution,8,60.9856,50000,7.28102,5953
r_n150_p0.5_nA30_nB45_i2,heur_semigreedy2s_v2_a0.2,0,150,5525,30,45,FEASIBLE,time limit with feasible solution,5,51.3943,50000,0.0568995,54
r_n150_p0.5_nA45_nB30_i2,heur_semigreedy2s_v2_a0.2,0,150,5567,45,30,UNKNOWN,unknown,-1,2.3441,50000,-1,18446744073709551615
r_n150_p0.75_nA30_nB30_i0,heur_semigreedy2s_v2_a0.2,0,150,8394,30,30,FEASIBLE,time limit with feasible solution,8,52.0032,50000,42.0941,40482
r_n150_p0.25_nA30_nB30_i1,heur_semigreedy2s_v2_a0.2,0,150,2834,30,30,FEASIBLE,time limit with feasible solution,3,27.8689,50000,0.034981,61
r_n150_p0.5_nA30_nB30_i2,heur_semigreedy2s_v2_a0.2,0,150,5522,30,30,FEASIBLE,time limit with feasible solution,5,45.428,50000,4.69661,5166
r_n150_p0.5_nA45_nB45_i2,heur_semigreedy2s_v2_a0.2,0,150,5526,45,45,FEASIBLE,time limit with feasible solution,8,73.65,50000,8.99083,6100
r_n150_p0.5_nA30_nB30_i0,heur_semigreedy2s_v2_a0.2,0,150,5548,30,30,FEASIBLE,time limit with feasible solution,5,45.746,50000,13.3058,14512
r_n150_p0.25_nA30_nB30_i2,heur_semigreedy2s_v2_a0.2,0,150,2797,30,30,FEASIBLE,time limit with feasible solution,3,28.3129,50000,0.00939169,15
r_n150_p0.5_nA30_nB45_i0,heur_semigreedy2s_v2_a0.2,0,150,5548,30,45,FEASIBLE,time limit with feasible solution,5,48.3904,50000,0.17816,183
r_n150_p0.75_nA45_nB45_i2,heur_semigreedy2s_v3_a0.1,0,150,8347,45,45,FEASIBLE,time limit with feasible solution,13,121.213,50000,0.123084,50
r_n150_p0.5_nA30_nB45_i1,heur_semigreedy2s_v3_a0.1,0,150,5541,30,45,FEASIBLE,time limit with feasible solution,5,51.3821,50000,0.0991593,95
r_n150_p0.5_nA45_nB45_i0,heur_semigreedy2s_v3_a0.1,0,150,5548,45,45,FEASIBLE,time limit with feasible solution,8,97.1588,50000,0.75436,386
r_n150_p0.75_nA30_nB45_i2,heur_semigreedy2s_v3_a0.1,0,150,8343,30,45,FEASIBLE,time limit with feasible solution,8,75.1703,50000,0.0745533,48
r_n150_p0.75_nA45_nB30_i2,heur_semigreedy2s_v3_a0.1,0,150,8354,45,30,UNKNOWN,unknown,-1,1.63293,50000,-1,18446744073709551615
r_n150_p0.75_nA45_nB30_i1,heur_semigreedy2s_v3_a0.1,0,150,8353,45,30,FEASIBLE,time limit with feasible solution,15,88.9988,50000,0.0857801,46
r_n150_p0.25_nA45_nB45_i2,heur_semigreedy2s_v3_a0.1,0,150,2800,45,45,FEASIBLE,time limit with feasible solution,5,51.9324,50000,0.00534469,4
r_n150_p0.5_nA45_nB45_i1,heur_semigreedy2s_v3_a0.1,0,150,5542,45,45,FEASIBLE,time limit with feasible solution,8,104.175,50000,0.0339346,15
r_n150_p0.25_nA45_nB45_i1,heur_semigreedy2s_v3_a0.1,0,150,2820,45,45,FEASIBLE,time limit with feasible solution,4,56.3736,50000,18.4604,16388
r_n150_p0.5_nA30_nB30_i1,heur_semigreedy2s_v3_a0.1,0,150,5562,30,30,FEASIBLE,time limit with feasible solution,5,51.927,50000,2.07811,2005
r_n150_p0.25_nA45_nB45_i0,heur_semigreedy2s_v3_a0.1,0,150,2747,45,45,FEASIBLE,time limit with feasible solution,4,51.4823,50000,0.28435,276
r_n150_p0.75_nA45_nB45_i1,heur_semigreedy2s_v3_a0.1,0,150,8352,45,45,FEASIBLE,time limit with feasible solution,12,125.579,50000,63.5273,25301
r_n150_p0.75_nA45_nB45_i0,heur_semigreedy2s_v3_a0.1,0,150,8394,45,45,FEASIBLE,time limit with feasible solution,12,107.828,50000,30.8973,14324
r_n150_p0.25_nA45_nB30_i1,heur_semigreedy2s_v3_a0.1,0,150,2822,45,30,FEASIBLE,time limit with feasible solution,5,51.6057,50000,0.0117907,10
r_n150_p0.5_nA45_nB30_i0,heur_semigreedy2s_v3_a0.1,0,150,5548,45,30,FEASIBLE,time limit with feasible solution,9,84.7404,50000,0.87845,518
r_n150_p0.25_nA30_nB30_i0,heur_semigreedy2s_v3_a0.1,0,150,2747,30,30,FEASIBLE,time limit with feasible solution,3,27.3169,50000,0.00114245,1
r_n150_p0.75_nA45_nB30_i0,heur_semigreedy2s_v3_a0.1,0,150,8394,45,30,FEASIBLE,time limit with feasible solution,16,21.6915,50000,0.587882,1335
r_n150_p0.25_nA30_nB45_i2,heur_semigreedy2s_v3_a0.1,0,150,2796,30,45,FEASIBLE,time limit with feasible solution,3,29.0202,50000,0.000581743,0
r_n150_p0.5_nA45_nB30_i1,heur_semigreedy2s_v3_a0.1,0,150,5541,45,30,FEASIBLE,time limit with feasible solution,9,81.9405,50000,0.0233933,13
r_n150_p0.75_nA30_nB30_i2,heur_semigreedy2s_v3_a0.1,0,150,8343,30,30,FEASIBLE,time limit with feasible solution,8,61.1593,50000,5.77632,4726
r_n150_p0.25_nA30_nB45_i0,heur_semigreedy2s_v3_a0.1,0,150,2747,30,45,FEASIBLE,time limit with feasible solution,3,29.3771,50000,0.00308825,4
r_n150_p0.25_nA45_nB30_i0,heur_semigreedy2s_v3_a0.1,0,150,2747,45,30,FEASIBLE,time limit with feasible solution,5,51.2363,50000,0.0291286,27
r_n150_p0.75_nA30_nB30_i1,heur_semigreedy2s_v3_a0.1,0,150,8408,30,30,FEASIBLE,time limit with feasible solution,8,58.7181,50000,4.20862,3574
r_n150_p0.25_nA45_nB30_i2,heur_semigreedy2s_v3_a0.1,0,150,2794,45,30,FEASIBLE,time limit with feasible solution,5,50.2056,50000,0.0163419,15
r_n150_p0.75_nA30_nB45_i1,heur_semigreedy2s_v3_a0.1,0,150,8353,30,45,FEASIBLE,time limit with feasible solution,8,72.2599,50000,0.193082,132
r_n150_p0.25_nA30_nB45_i1,heur_semigreedy2s_v3_a0.1,0,150,2822,30,45,FEASIBLE,time limit with feasible solution,3,29.3664,50000,0.00427599,6
r_n150_p0.75_nA30_nB45_i0,heur_semigreedy2s_v3_a0.1,0,150,8394,30,45,FEASIBLE,time limit with feasible solution,8,70.1296,50000,0.294304,209
r_n150_p0.5_nA30_nB45_i2,heur_semigreedy2s_v3_a0.1,0,150,5525,30,45,FEASIBLE,time limit with feasible solution,5,54.5703,50000,0.101961,92
r_n150_p0.5_nA45_nB30_i2,heur_semigreedy2s_v3_a0.1,0,150,5567,45,30,UNKNOWN,unknown,-1,1.2952,50000,-1,18446744073709551615
r_n150_p0.75_nA30_nB30_i0,heur_semigreedy2s_v3_a0.1,0,150,8394,30,30,FEASIBLE,time limit with feasible solution,8,60.5917,50000,24.1125,19869
r_n150_p0.25_nA30_nB30_i1,heur_semigreedy2s_v3_a0.1,0,150,2834,30,30,FEASIBLE,time limit with feasible solution,3,27.8721,50000,0.00820453,13
r_n150_p0.5_nA30_nB30_i2,heur_semigreedy2s_v3_a0.1,0,150,5522,30,30,FEASIBLE,time limit with feasible solution,5,48.707,50000,0.620593,637
r_n150_p0.5_nA45_nB45_i2,heur_semigreedy2s_v3_a0.1,0,150,5526,45,45,FEASIBLE,time limit with feasible solution,8,97.7447,50000,0.0694006,34
r_n150_p0.5_nA30_nB30_i0,heur_semigreedy2s_v3_a0.1,0,150,5548,30,30,FEASIBLE,time limit with feasible solution,5,51.6024,50000,4.24481,4125
r_n150_p0.25_nA30_nB30_i2,heur_semigreedy2s_v3_a0.1,0,150,2797,30,30,FEASIBLE,time limit with feasible solution,3,28.0542,50000,0.00169654,2
r_n150_p0.5_nA30_nB45_i0,heur_semigreedy2s_v3_a0.1,0,150,5548,30,45,FEASIBLE,time limit with feasible solution,5,53.7877,50000,0.551702,511
r_n150_p0.75_nA45_nB45_i2,heur_semigreedy2s_v3_a0.25,0,150,8347,45,45,FEASIBLE,time limit with feasible solution,13,120.165,50000,0.203716,84
r_n150_p0.5_nA30_nB45_i1,heur_semigreedy2s_v3_a0.25,0,150,5541,30,45,FEASIBLE,time limit with feasible solution,5,51.8269,50000,0.0190251,17
r_n150_p0.5_nA45_nB45_i0,heur_semigreedy2s_v3_a0.25,0,150,5548,45,45,FEASIBLE,time limit with feasible solution,8,96.8711,50000,3.3133,1713
r_n150_p0.75_nA30_nB45_i2,heur_semigreedy2s_v3_a0.25,0,150,8343,30,45,FEASIBLE,time limit with feasible solution,8,75.3153,50000,0.563357,375
r_n150_p0.75_nA45_nB30_i2,heur_semigreedy2s_v3_a0.25,0,150,8354,45,30,UNKNOWN,unknown,-1,1.62279,50000,-1,18446744073709551615
r_n150_p0.75_nA45_nB30_i1,heur_semigreedy2s_v3_a0.25,0,150,8353,45,30,FEASIBLE,time limit with feasible solution,15,88.667,50000,0.0854185,46
r_n150_p0.25_nA45_nB45_i2,heur_semigreedy2s_v3_a0.25,0,150,2800,45,45,FEASIBLE,time limit with feasible solution,4,51.1153,50000,9.98509,9791
r_n150_p0.5_nA45_nB45_i1,heur_semigreedy2s_v3_a0.25,0,150,5542,45,45,FEASIBLE,time limit with feasible solution,8,103.903,50000,0.0170828,7
r_n150_p0.25_nA45_nB45_i1,heur_semigreedy2s_v3_a0.25,0,150,2820,45,45,FEASIBLE,time limit with feasible solution,5,55.6993,50000,0.00350495,2
r_n150_p0.5_nA30_nB30_i1,heur_semigreedy2s_v3_a0.25,0,150,5562,30,30,FEASIBLE,time limit with feasible solution,5,52.3355,50000,0.36906,352
r_n150_p0.25_nA45_nB45_i0,heur_semigreedy2s_v3_a0.25,0,150,2747,45,45,FEASIBLE,time limit with feasible solution,4,50.83,50000,1.12922,1113
r_n150_p0.75_nA45_nB45_i1,heur_semigreedy2s_v3_a0.25,0,150,8352,45,45,FEASIBLE,time limit with feasible solution,12,126.712,50000,12.9642,5088
r_n150_p0.75_nA45_nB45_i0,heur_semigreedy2s_v3_a0.25,0,150,8394,45,45,FEASIBLE,time limit with feasible solution,13,107.969,50000,0.145998,67
r_n150_p0.25_nA45_nB30_i1,heur_semigreedy2s_v3_a0.25,0,150,2822,45,30,FEASIBLE,time limit with feasible solution,5,50.1621,50000,0.0627355,61
r_n150_p0.5_nA45_nB30_i0,heur_semigreedy2s_v3_a0.25,0,150,5548,45,30,FEASIBLE,time limit with feasible solution,9,84.406,50000,0.552576,330
r_n150_p0.25_nA30_nB30_i0,heur_semigreedy2s_v3_a0.25,0,150,2747,30,30,FEASIBLE,time limit with feasible solution,3,28.2345,50000,0.0204201,34
r_n150_p0.75_nA45_nB30_i0,heur_semigreedy2s_v3_a0.25,0,150,8394,45,30,FEASIBLE,time limit with feasible solution,16,21.6794,50000,0.586633,1335
r_n150_p0.25_nA30_nB45_i2,heur_semigreedy2s_v3_a0.25,0,150,2796,30,45,FEASIBLE,time limit with feasible solution,3,29.0399,50000,0.00178831,2
r_n150_p0.5_nA45_nB30_i1,heur_semigreedy2s_v3_a0.25,0,150,5541,45,30,FEASIBLE,time limit with feasible solution,9,79.9938,50000,0.0550843,33
r_n150_p0.75_nA30_nB30_i2,heur_semigreedy2s_v3_a0.25,0,150,8343,30,30,FEASIBLE,time limit with feasible solution,8,61.4964,50000,3.67349,2990
r_n150_p0.25_nA30_nB45_i0,heur_semigreedy2s_v3_a0.25,0,150,2747,30,45,FEASIBLE,time limit with feasible solution,3,28.2175,50000,0.0173073,29
r_n150_p0.25_nA45_nB30_i0,heur_semigreedy2s_v3_a0.25,0,150,2747,45,30,FEASIBLE,time limit with feasible solution,5,50.6459,50000,0.0441322,42
r_n150_p0.75_nA30_nB30_i1,heur_semigreedy2s_v3_a0.25,0,150,8408,30,30,FEASIBLE,time limit with feasible solution,8,58.9743,50000,0.0794392,65
r_n150_p0.25_nA45_nB30_i2,heur_semigreedy2s_v3_a0.25,0,150,2794,45,30,FEASIBLE,time limit with feasible solution,5,51.0397,50000,0.011368,10
r_n150_p0.75_nA30_nB45_i1,heur_semigreedy2s_v3_a0.25,0,150,8353,30,45,FEASIBLE,time limit with feasible solution,8,72.1402,50000,0.697177,479
r_n150_p0.25_nA30_nB45_i1,heur_semigreedy2s_v3_a0.25,0,150,2822,30,45,FEASIBLE,time limit with feasible solution,3,28.1655,50000,0.0164746,27
r_n150_p0.75_nA30_nB45_i0,heur_semigreedy2s_v3_a0.25,0,150,8394,30,45,FEASIBLE,time limit with feasible solution,8,71.6959,50000,0.177927,123
r_n150_p0.5_nA30_nB45_i2,heur_semigreedy2s_v3_a0.25,0,150,5525,30,45,FEASIBLE,time limit with feasible solution,5,54.3118,50000,0.0686788,61
r_n150_p0.5_nA45_nB30_i2,heur_semigreedy2s_v3_a0.25,0,150,5567,45,30,UNKNOWN,unknown,-1,1.30159,50000,-1,18446744073709551615
r_n150_p0.75_nA30_nB30_i0,heur_semigreedy2s_v3_a0.25,0,150,8394,30,30,FEASIBLE,time limit with feasible solution,8,60.025,50000,5.40175,4488
r_n150_p0.25_nA30_nB30_i1,heur_semigreedy2s_v3_a0.25,0,150,2834,30,30,FEASIBLE,time limit with feasible solution,3,28.2931,50000,0.00524404,8
r_n150_p0.5_nA30_nB30_i2,heur_semigreedy2s_v3_a0.25,0,150,5522,30,30,FEASIBLE,time limit with feasible solution,5,49.8267,50000,0.754471,757
r_n150_p0.5_nA45_nB45_i2,heur_semigreedy2s_v3_a0.25,0,150,5526,45,45,FEASIBLE,time limit with feasible solution,8,97.2616,50000,0.00406059,1
r_n150_p0.5_nA30_nB30_i0,heur_semigreedy2s_v3_a0.25,0,150,5548,30,30,FEASIBLE,time limit with feasible solution,5,50.1254,50000,5.79909,5774
r_n150_p0.25_nA30_nB30_i2,heur_semigreedy2s_v3_a0.25,0,150,2797,30,30,FEASIBLE,time limit with feasible solution,3,27.4358,50000,0.00114499,1
r_n150_p0.5_nA30_nB45_i0,heur_semigreedy2s_v3_a0.25,0,150,5548,30,45,FEASIBLE,time limit with feasible solution,5,55.0808,50000,1.08741,985
r_n150_p0.75_nA45_nB45_i2,heur_semigreedy2s_v3_a0.4,0,150,8347,45,45,FEASIBLE,time limit with feasible solution,13,122.567,50000,0.674245,274
r_n150_p0.5_nA30_nB45_i1,heur_semigreedy2s_v3_a0.4,0,150,5541,30,45,FEASIBLE,time limit with feasible solution,5,51.0314,50000,1.91955,1881
r_n150_p0.5_nA45_nB45_i0,heur_semigreedy2s_v3_a0.4,0,150,5548,45,45,FEASIBLE,time limit with feasible solution,8,96.0349,50000,0.858008,446
r_n150_p0.75_nA30_nB45_i2,heur_semigreedy2s_v3_a0.4,0,150,8343,30,45,FEASIBLE,time limit with feasible solution,8,75.4745,50000,0.294051,194
r_n150_p0.75_nA45_nB30_i2,heur_semigreedy2s_v3_a0.4,0,150,8354,45,30,UNKNOWN,unknown,-1,1.62043,50000,-1,18446744073709551615
r_n150_p0.75_nA45_nB30_i1,heur_semigreedy2s_v3_a0.4,0,150,8353,45,30,FEASIBLE,time limit with feasible solution,15,89.3297,50000,0.447452,249
r_n150_p0.25_nA45_nB45_i2,heur_semigreedy2s_v3_a0.4,0,150,2800,45,45,FEASIBLE,time limit with feasible solution,5,51.9672,50000,0.00106301,0
r_n150_p0.5_nA45_nB45_i1,heur_semigreedy2s_v3_a0.4,0,150,5542,45,45,FEASIBLE,time limit with feasible solution,8,104.576,50000,0.0278373,12
r_n150_p0.25_nA45_nB45_i1,heur_semigreedy2s_v3_a0.4,0,150,2820,45,45,FEASIBLE,time limit with feasible solution,4,57.2647,50000,39.8621,34810
r_n150_p0.5_nA30_nB30_i1,heur_semigreedy2s_v3_a0.4,0,150,5562,30,30,FEASIBLE,time limit with feasible solution,5,53.5048,50000,1.25217,1171
r_n150_p0.25_nA45_nB45_i0,heur_semigreedy2s_v3_a0.4,0,150,2747,45,45,FEASIBLE,time limit with feasible solution,5,51.6911,50000,0.00108947,0
r_n150_p0.75_nA45_nB45_i1,heur_semigreedy2s_v3_a0.4,0,150,8352,45,45,FEASIBLE,time limit with feasible solution,12,125.656,50000,109.827,43712
r_n150_p0.75_nA45_nB45_i0,heur_semigreedy2s_v3_a0.4,0,150,8394,45,45,FEASIBLE,time limit with feasible solution,12,108.194,50000,75.1805,34732
r_n150_p0.25_nA45_nB30_i1,heur_semigreedy2s_v3_a0.4,0,150,2822,45,30,FEASIBLE,time limit with feasible solution,5,49.5671,50000,0.429772,432
r_n150_p0.5_nA45_nB30_i0,heur_semigreedy2s_v3_a0.4,0,150,5548,45,30,FEASIBLE,time limit with feasible solution,9,84.1506,50000,2.21153,1305
r_n150_p0.25_nA30_nB30_i0,heur_semigreedy2s_v3_a0.4,0,150,2747,30,30,FEASIBLE,time limit with feasible solution,3,28.5965,50000,0.202079,355
r_n150_p0.75_nA45_nB30_i0,heur_semigreedy2s_v3_a0.4,0,150,8394,45,30,FEASIBLE,time limit with feasible solution,16,21.6418,50000,0.58615,1335
r_n150_p0.25_nA30_nB45_i2,heur_semigreedy2s_v3_a0.4,0,150,2796,30,45,FEASIBLE,time limit with feasible solution,3,28.981,50000,0.0197446,32
r_n150_p0.5_nA45_nB30_i1,heur_semigreedy2s_v3_a0.4,0,150,5541,45,30,FEASIBLE,time limit with feasible solution,9,82.7369,50000,0.0518994,30
r_n150_p0.75_nA30_nB30_i2,heur_semigreedy2s_v3_a0.4,0,150,8343,30,30,FEASIBLE,time limit with feasible solution,8,62.1101,50000,0.174315,139
r_n150_p0.25_nA30_nB45_i0,heur_semigreedy2s_v3_a0.4,0,150,2747,30,45,FEASIBLE,time limit with feasible solution,3,28.7456,50000,0.023398,39
r_n150_p0.25_nA45_nB30_i0,heur_semigreedy2s_v3_a0.4,0,150,2747,45,30,FEASIBLE,time limit with feasible solution,5,51.5173,50000,0.352952,338
r_n150_p0.75_nA30_nB30_i1,heur_semigreedy2s_v3_a0.4,0,150,8408,30,30,FEASIBLE,time limit with feasible solution,8,59.0916,50000,13.5837,11470
r_n150_p0.25_nA45_nB30_i2,heur_semigreedy2s_v3_a0.4,0,150,2794,45,30,FEASIBLE,time limit with feasible solution,5,50.301,50000,0.0403893,39
r_n150_p0.75_nA30_nB45_i1,heur_semigreedy2s_v3_a0.4,0,150,8353,30,45,FEASIBLE,time limit with feasible solution,8,73.3578,50000,0.815415,559
r_n150_p0.25_nA30_nB45_i1,heur_semigreedy2s_v3_a0.4,0,150,2822,30,45,FEASIBLE,time limit with feasible solution,3,28.7016,50000,0.0286188,48
r_n150_p0.75_nA30_nB45_i0,heur_semigreedy2s_v3_a0.4,0,150,8394,30,45,FEASIBLE,time limit with feasible solution,8,71.8165,50000,0.0687162,47
r_n150_p0.5_nA30_nB45_i2,heur_semigreedy2s_v3_a0.4,0,150,5525,30,45,FEASIBLE,time limit with feasible solution,5,54.723,50000,0.255822,232
r_n150_p0.5_nA45_nB30_i2,heur_semigreedy2s_v3_a0.4,0,150,5567,45,30,UNKNOWN,unknown,-1,1.31028,50000,-1,18446744073709551615
r_n150_p0.75_nA30_nB30_i0,heur_semigreedy2s_v3_a0.4,0,150,8394,30,30,FEASIBLE,time limit with feasible solution,8,60.2892,50000,13.0862,10844
r_n150_p0.25_nA30_nB30_i1,heur_semigreedy2s_v3_a0.4,0,150,2834,30,30,FEASIBLE,time limit with feasible solution,3,28.4407,50000,0.0985345,172
r_n150_p0.5_nA30_nB30_i2,heur_semigreedy2s_v3_a0.4,0,150,5522,30,30,FEASIBLE,time limit with feasible solution,5,49.313,50000,3.16082,3216
r_n150_p0.5_nA45_nB45_i2,heur_semigreedy2s_v3_a0.4,0,150,5526,45,45,FEASIBLE,time limit with feasible solution,8,97.9352,50000,0.00411442,1
r_n150_p0.5_nA30_nB30_i0,heur_semigreedy2s_v3_a0.4,0,150,5548,30,30,FEASIBLE,time limit with feasible solution,5,51.7354,50000,2.62831,2546
r_n150_p0.25_nA30_nB30_i2,heur_semigreedy2s_v3_a0.4,0,150,2797,30,30,FEASIBLE,time limit with feasible solution,3,27.1389,50000,0.0757374,138
r_n150_p0.5_nA30_nB45_i0,heur_semigreedy2s_v3_a0.4,0,150,5548,30,45,FEASIBLE,time limit with feasible solution,5,54.5812,50000,0.00115764,0
r_n150_p0.75_nA45_nB45_i2,heur_semigreedy2s_v3_a0.3,0,150,8347,45,45,FEASIBLE,time limit with feasible solution,13,123.004,50000,0.930921,377
r_n150_p0.5_nA30_nB45_i1,heur_semigreedy2s_v3_a0.3,0,150,5541,30,45,FEASIBLE,time limit with feasible solution,5,50.4012,50000,0.291107,288
r_n150_p0.5_nA45_nB45_i0,heur_semigreedy2s_v3_a0.3,0,150,5548,45,45,FEASIBLE,time limit with feasible solution,8,97.5094,50000,1.1071,567
r_n150_p0.75_nA30_nB45_i2,heur_semigreedy2s_v3_a0.3,0,150,8343,30,45,FEASIBLE,time limit with feasible solution,8,75.7465,50000,0.428163,282
r_n150_p0.75_nA45_nB30_i2,heur_semigreedy2s_v3_a0.3,0,150,8354,45,30,UNKNOWN,unknown,-1,1.62488,50000,-1,18446744073709551615
r_n150_p0.75_nA45_nB30_i1,heur_semigreedy2s_v3_a0.3,0,150,8353,45,30,FEASIBLE,time limit with feasible solution,15,88.9379,50000,0.0854241,46
r_n150_p0.25_nA45_nB45_i2,heur_semigreedy2s_v3_a0.3,0,150,2800,45,45,FEASIBLE,time limit with feasible solution,4,51.1386,50000,49.9708,48853
r_n150_p0.5_nA45_nB45_i1,heur_semigreedy2s_v3_a0.3,0,150,5542,45,45,FEASIBLE,time limit with feasible solution,8,106.498,50000,0.0625383,28
r_n150_p0.25_nA45_nB45_i1,heur_semigreedy2s_v3_a0.3,0,150,2820,45,45,FEASIBLE,time limit with feasible solution,5,56.3661,50000,0.00122647,0
r_n150_p0.5_nA30_nB30_i1,heur_semigreedy2s_v3_a0.3,0,150,5562,30,30,FEASIBLE,time limit with feasible solution,5,53.6245,50000,0.976805,911
r_n150_p0.25_nA45_nB45_i0,heur_semigreedy2s_v3_a0.3,0,150,2747,45,45,FEASIBLE,time limit with feasible solution,4,52.4762,50000,1.4491,1380
r_n150_p0.75_nA45_nB45_i1,heur_semigreedy2s_v3_a0.3,0,150,8352,45,45,FEASIBLE,time limit with feasible solution,12,126.354,50000,12.908,5094
r_n150_p0.75_nA45_nB45_i0,heur_semigreedy2s_v3_a0.3,0,150,8394,45,45,FEASIBLE,time limit with feasible solution,13,108.228,50000,0.622938,285
r_n150_p0.25_nA45_nB30_i1,heur_semigreedy2s_v3_a0.3,0,150,2822,45,30,FEASIBLE,time limit with feasible solution,5,49.9364,50000,0.70806,707
r_n150_p0.5_nA45_nB30_i0,heur_semigreedy2s_v3_a0.3,0,150,5548,45,30,FEASIBLE,time limit with feasible solution,9,84.3053,50000,0.532655,311
r_n150_p0.25_nA30_nB30_i0,heur_semigreedy2s_v3_a0.3,0,150,2747,30,30,FEASIBLE,time limit with feasible solution,3,28.5002,50000,0.10699,188
r_n150_p0.75_nA45_nB30_i0,heur_semigreedy2s_v3_a0.3,0,150,8394,45,30,FEASIBLE,time limit with feasible solution,16,21.7828,50000,0.589471,1335
r_n150_p0.25_nA30_nB45_i2,heur_semigreedy2s_v3_a0.3,0,150,2796,30,45,FEASIBLE,time limit with feasible solution,3,29.3636,50000,0.00362929,5
r_n150_p0.5_nA45_nB30_i1,heur_semigreedy2s_v3_a0.3,0,150,5541,45,30,FEASIBLE,time limit with feasible solution,9,81.833,50000,0.146566,88
r_n150_p0.75_nA30_nB30_i2,heur_semigreedy2s_v3_a0.3,0,150,8343,30,30,FEASIBLE,time limit with feasible solution,8,61.3613,50000,9.56693,7798
r_n150_p0.25_nA30_nB45_i0,heur_semigreedy2s_v3_a0.3,0,150,2747,30,45,FEASIBLE,time limit with feasible solution,3,28.1376,50000,0.00352702,5
r_n150_p0.25_nA45_nB30_i0,heur_semigreedy2s_v3_a0.3,0,150,2747,45,30,FEASIBLE,time limit with feasible solution,5,51.1899,50000,0.0834959,80
r_n150_p0.75_nA30_nB30_i1,heur_semigreedy2s_v3_a0.3,0,150,8408,30,30,FEASIBLE,time limit with feasible solution,8,59.558,50000,1.17611,985
r_n150_p0.25_nA45_nB30_i2,heur_semigreedy2s_v3_a0.3,0,150,2794,45,30,FEASIBLE,time limit with feasible solution,5,49.8082,50000,0.135981,135
r_n150_p0.75_nA30_nB45_i1,heur_semigreedy2s_v3_a0.3,0,150,8353,30,45,FEASIBLE,time limit with feasible solution,8,73.0435,50000,0.924259,630
r_n150_p0.25_nA30_nB45_i1,heur_semigreedy2s_v3_a0.3,0,150,2822,30,45,FEASIBLE,time limit with feasible solution,3,29.0988,50000,0.00304516,4
r_n150_p0.75_nA30_nB45_i0,heur_semigreedy2s_v3_a0.3,0,150,8394,30,45,FEASIBLE,time limit with feasible solution,8,70.1193,50000,0.0525381,36
r_n150_p0.5_nA30_nB45_i2,heur_semigreedy2s_v3_a0.3,0,150,5525,30,45,FEASIBLE,time limit with feasible solution,5,55.4404,50000,0.0325147,28
r_n150_p0.5_nA45_nB30_i2,heur_semigreedy2s_v3_a0.3,0,150,5567,45,30,UNKNOWN,unknown,-1,1.29633,50000,-1,18446744073709551615
r_n150_p0.75_nA30_nB30_i0,heur_semigreedy2s_v3_a0.3,0,150,8394,30,30,FEASIBLE,time limit with feasible solution,8,60.7894,50000,43.6124,35895
r_n150_p0.25_nA30_nB30_i1,heur_semigreedy2s_v3_a0.3,0,150,2834,30,30,FEASIBLE,time limit with feasible solution,3,28.1078,50000,0.00697555,11
r_n150_p0.5_nA30_nB30_i2,heur_semigreedy2s_v3_a0.3,0,150,5522,30,30,FEASIBLE,time limit with feasible solution,5,49.4668,50000,0.108396,108
r_n150_p0.5_nA45_nB45_i2,heur_semigreedy2s_v3_a0.3,0,150,5526,45,45,FEASIBLE,time limit with feasible solution,8,98.3886,50000,0.00412436,1
r_n150_p0.5_nA30_nB30_i0,heur_semigreedy2s_v3_a0.3,0,150,5548,30,30,FEASIBLE,time limit with feasible solution,5,52.225,50000,14.1054,13518
r_n150_p0.25_nA30_nB30_i2,heur_semigreedy2s_v3_a0.3,0,150,2797,30,30,FEASIBLE,time limit with feasible solution,3,27.5234,50000,0.0281794,49
r_n150_p0.5_nA30_nB45_i0,heur_semigreedy2s_v3_a0.3,0,150,5548,30,45,FEASIBLE,time limit with feasible solution,5,55.46,50000,0.194665,175
r_n150_p0.75_nA45_nB45_i2,heur_semigreedy2s_v3_a0.15,0,150,8347,45,45,FEASIBLE,time limit with feasible solution,13,120.001,50000,0.752148,313
r_n150_p0.5_nA30_nB45_i1,heur_semigreedy2s_v3_a0.15,0,150,5541,30,45,FEASIBLE,time limit with feasible solution,5,50.8885,50000,0.524167,512
r_n150_p0.5_nA45_nB45_i0,heur_semigreedy2s_v3_a0.15,0,150,5548,45,45,FEASIBLE,time limit with feasible solution,8,96.1503,50000,0.269877,139
r_n150_p0.75_nA30_nB45_i2,heur_semigreedy2s_v3_a0.15,0,150,8343,30,45,FEASIBLE,time limit with feasible solution,8,75.1794,50000,0.0631415,41
r_n150_p0.75_nA45_nB30_i2,heur_semigreedy2s_v3_a0.15,0,150,8354,45,30,UNKNOWN,unknown,-1,1.61846,50000,-1,18446744073709551615
r_n150_p0.75_nA45_nB30_i1,heur_semigreedy2s_v3_a0.15,0,150,8353,45,30,FEASIBLE,time limit with feasible solution,15,88.7256,50000,0.0850578,46
r_n150_p0.25_nA45_nB45_i2,heur_semigreedy2s_v3_a0.15,0,150,2800,45,45,FEASIBLE,time limit with feasible solution,4,50.3579,50000,0.427894,426
r_n150_p0.5_nA45_nB45_i1,heur_semigreedy2s_v3_a0.15,0,150,5542,45,45,FEASIBLE,time limit with feasible solution,8,105.734,50000,0.0509936,23
r_n150_p0.25_nA45_nB45_i1,heur_semigreedy2s_v3_a0.15,0,150,2820,45,45,FEASIBLE,time limit with feasible solution,4,55.726,50000,8.68056,7788
r_n150_p0.5_nA30_nB30_i1,heur_semigreedy2s_v3_a0.15,0,150,5562,30,30,FEASIBLE,time limit with feasible solution,5,52.0882,50000,0.193582,185
r_n150_p0.25_nA45_nB45_i0,heur_semigreedy2s_v3_a0.15,0,150,2747,45,45,FEASIBLE,time limit with feasible solution,4,52.9705,50000,17.9107,16920
r_n150_p0.75_nA45_nB45_i1,heur_semigreedy2s_v3_a0.15,0,150,8352,45,45,FEASIBLE,time limit with feasible solution,12,126.716,50000,121.313,47864
r_n150_p0.75_nA45_nB45_i0,heur_semigreedy2s_v3_a0.15,0,150,8394,45,45,FEASIBLE,time limit with feasible solution,12,108.955,50000,40.0499,18322
r_n150_p0.25_nA45_nB30_i1,heur_semigreedy2s_v3_a0.15,0,150,2822,45,30,FEASIBLE,time limit with feasible solution,5,51.4855,50000,0.345717,334
r_n150_p0.5_nA45_nB30_i0,heur_semigreedy2s_v3_a0.15,0,150,5548,45,30,FEASIBLE,time limit with feasible solution,9,84.155,50000,0.517694,312
r_n150_p0.25_nA30_nB30_i0,heur_semigreedy2s_v3_a0.15,0,150,2747,30,30,FEASIBLE,time limit with feasible solution,3,27.6321,50000,0.0146542,25
r_n150_p0.75_nA45_nB30_i0,heur_semigreedy2s_v3_a0.15,0,150,8394,45,30,FEASIBLE,time limit with feasible solution,16,21.5713,50000,0.584396,1335
r_n150_p0.25_nA30_nB45_i2,heur_semigreedy2s_v3_a0.15,0,150,2796,30,45,FEASIBLE,time limit with feasible solution,3,28.3558,50000,0.000602494,0
r_n150_p0.5_nA45_nB30_i1,heur_semigreedy2s_v3_a0.15,0,150,5541,45,30,FEASIBLE,time limit with feasible solution,9,82.589,50000,0.0235529,13
r_n150_p0.75_nA30_nB30_i2,heur_semigreedy2s_v3_a0.15,0,150,8343,30,30,FEASIBLE,time limit with feasible solution,8,60.7632,50000,5.49836,4515
r_n150_p0.25_nA30_nB45_i0,heur_semigreedy2s_v3_a0.15,0,150,2747,30,45,FEASIBLE,time limit with feasible solution,3,28.1987,50000,0.00297657,4
r_n150_p0.25_nA45_nB30_i0,heur_semigreedy2s_v3_a0.15,0,150,2747,45,30,FEASIBLE,time limit with feasible solution,5,50.4476,50000,0.0216386,20
r_n150_p0.75_nA30_nB30_i1,heur_semigreedy2s_v3_a0.15,0,150,8408,30,30,FEASIBLE,time limit with feasible solution,8,58.3875,50000,7.77129,6652
r_n150_p0.25_nA45_nB30_i2,heur_semigreedy2s_v3_a0.15,0,150,2794,45,30,FEASIBLE,time limit with feasible solution,5,49.5894,50000,0.130071,130
r_n150_p0.75_nA30_nB45_i1,heur_semigreedy2s_v3_a0.15,0,150,8353,30,45,FEASIBLE,time limit with feasible solution,8,72.1515,50000,0.178759,122
r_n150_p0.25_nA30_nB45_i1,heur_semigreedy2s_v3_a0.15,0,150,2822,30,45,FEASIBLE,time limit with feasible solution,3,28.6198,50000,0.00294229,4
r_n150_p0.75_nA30_nB45_i0,heur_semigreedy2s_v3_a0.15,0,150,8394,30,45,FEASIBLE,time limit with feasible solution,8,70.9221,50000,1.10678,779
r_n150_p0.5_nA30_nB45_i2,heur_semigreedy2s_v3_a0.15,0,150,5525,30,45,FEASIBLE,time limit with feasible solution,5,54.1291,50000,0.00118052,0
r_n150_p0.5_nA45_nB30_i2,heur_semigreedy2s_v3_a0.15,0,150,5567,45,30,UNKNOWN,unknown,-1,1.30371,50000,-1,18446744073709551615
r_n150_p0.75_nA30_nB30_i0,heur_semigreedy2s_v3_a0.15,0,150,8394,30,30,FEASIBLE,time limit with feasible solution,8,60.2345,50000,2.88057,2393
r_n150_p0.25_nA30_nB30_i1,heur_semigreedy2s_v3_a0.15,0,150,2834,30,30,FEASIBLE,time limit with feasible solution,3,27.7194,50000,0.00695721,11
r_n150_p0.5_nA30_nB30_i2,heur_semigreedy2s_v3_a0.15,0,150,5522,30,30,FEASIBLE,time limit with feasible solution,5,49.1815,50000,0.214723,217
r_n150_p0.5_nA45_nB45_i2,heur_semigreedy2s_v3_a0.15,0,150,5526,45,45,FEASIBLE,time limit with feasible solution,8,98.5241,50000,0.0739496,36
r_n150_p0.5_nA30_nB30_i0,heur_semigreedy2s_v3_a0.15,0,150,5548,30,30,FEASIBLE,time limit with feasible solution,5,50.7317,50000,6.41172,6322
r_n150_p0.25_nA30_nB30_i2,heur_semigreedy2s_v3_a0.15,0,150,2797,30,30,FEASIBLE,time limit with feasible solution,3,26.5589,50000,0.00156665,2
r_n150_p0.5_nA30_nB45_i0,heur_semigreedy2s_v3_a0.15,0,150,5548,30,45,FEASIBLE,time limit with feasible solution,5,54.1342,50000,0.435566,402
r_n150_p0.75_nA45_nB45_i2,heur_semigreedy2s_v3_a0.35,0,150,8347,45,45,FEASIBLE,time limit with feasible solution,13,120.307,50000,0.903923,374
r_n150_p0.5_nA30_nB45_i1,heur_semigreedy2s_v3_a0.35,0,150,5541,30,45,FEASIBLE,time limit with feasible solution,5,50.6769,50000,0.914557,905
r_n150_p0.5_nA45_nB45_i0,heur_semigreedy2s_v3_a0.35,0,150,5548,45,45,FEASIBLE,time limit with feasible solution,8,95.786,50000,0.0139228,6
r_n150_p0.75_nA30_nB45_i2,heur_semigreedy2s_v3_a0.35,0,150,8343,30,45,FEASIBLE,time limit with feasible solution,8,74.6489,50000,0.288145,192
r_n150_p0.75_nA45_nB30_i2,heur_semigreedy2s_v3_a0.35,0,150,8354,45,30,UNKNOWN,unknown,-1,1.62361,50000,-1,18446744073709551615
r_n150_p0.75_nA45_nB30_i1,heur_semigreedy2s_v3_a0.35,0,150,8353,45,30,FEASIBLE,time limit with feasible solution,15,89.5166,50000,0.0854565,46
r_n150_p0.25_nA45_nB45_i2,heur_semigreedy2s_v3_a0.35,0,150,2800,45,45,FEASIBLE,time limit with feasible solution,4,51.3518,50000,9.4137,9179
r_n150_p0.5_nA45_nB45_i1,heur_semigreedy2s_v3_a0.35,0,150,5542,45,45,FEASIBLE,time limit with feasible solution,8,105.6,50000,0.0280462,12
r_n150_p0.25_nA45_nB45_i1,heur_semigreedy2s_v3_a0.35,0,150,2820,45,45,FEASIBLE,time limit with feasible solution,5,54.7021,50000,0.00233781,1
r_n150_p0.5_nA30_nB30_i1,heur_semigreedy2s_v3_a0.35,0,150,5562,30,30,FEASIBLE,time limit with feasible solution,5,52.0985,50000,3.09072,2975
r_n150_p0.25_nA45_nB45_i0,heur_semigreedy2s_v3_a0.35,0,150,2747,45,45,FEASIBLE,time limit with feasible solution,4,51.3912,50000,12.1414,11813
r_n150_p0.75_nA45_nB45_i1,heur_semigreedy2s_v3_a0.35,0,150,8352,45,45,FEASIBLE,time limit with feasible solution,12,125.95,50000,5.1786,2047
r_n150_p0.75_nA45_nB45_i0,heur_semigreedy2s_v3_a0.35,0,150,8394,45,45,FEASIBLE,time limit with feasible solution,12,108.52,50000,3.50263,1610
r_n150_p0.25_nA45_nB30_i1,heur_semigreedy2s_v3_a0.35,0,150,2822,45,30,FEASIBLE,time limit with feasible solution,5,51.1314,50000,0.0291705,27
r_n150_p0.5_nA45_nB30_i0,heur_semigreedy2s_v3_a0.35,0,150,5548,45,30,FEASIBLE,time limit with feasible solution,9,83.144,50000,0.570434,340
r_n150_p0.25_nA30_nB30_i0,heur_semigreedy2s_v3_a0.35,0,150,2747,30,30,FEASIBLE,time limit with feasible solution,3,28.2157,50000,0.00992394,16
r_n150_p0.75_nA45_nB30_i0,heur_semigreedy2s_v3_a0.35,0,150,8394,45,30,FEASIBLE,time limit with feasible solution,16,22.0456,50000,0.595141,1335
r_n150_p0.25_nA30_nB45_i2,heur_semigreedy2s_v3_a0.35,0,150,2796,30,45,FEASIBLE,time limit with feasible solution,3,29.2793,50000,0.0072859,11
r_n150_p0.5_nA45_nB30_i1,heur_semigreedy2s_v3_a0.35,0,150,5541,45,30,FEASIBLE,time limit with feasible solution,9,81.97,50000,0.0266722,15
r_n150_p0.75_nA30_nB30_i2,heur_semigreedy2s_v3_a0.35,0,150,8343,30,30,FEASIBLE,time limit with feasible solution,8,61.6861,50000,0.425106,344
r_n150_p0.25_nA30_nB45_i0,heur_semigreedy2s_v3_a0.35,0,150,2747,30,45,FEASIBLE,time limit with feasible solution,3,28.9705,50000,0.00833889,13
r_n150_p0.25_nA45_nB30_i0,heur_semigreedy2s_v3_a0.35,0,150,2747,45,30,FEASIBLE,time limit with feasible solution,5,53.0532,50000,0.0514119,47
r_n150_p0.75_nA30_nB30_i1,heur_semigreedy2s_v3_a0.35,0,150,8408,30,30,FEASIBLE,time limit with feasible solution,8,59.4256,50000,12.4736,10482
r_n150_p0.25_nA45_nB30_i2,heur_semigreedy2s_v3_a0.35,0,150,2794,45,30,FEASIBLE,time limit with feasible solution,5,49.144,50000,0.0479464,48
r_n150_p0.75_nA30_nB45_i1,heur_semigreedy2s_v3_a0.35,0,150,8353,30,45,FEASIBLE,time limit with feasible solution,8,72.2954,50000,0.279761,195
r_n150_p0.25_nA30_nB45_i1,heur_semigreedy2s_v3_a0.35,0,150,2822,30,45,FEASIBLE,time limit with feasible solution,3,29.4021,50000,0.0114884,18
r_n150_p0.75_nA30_nB45_i0,heur_semigreedy2s_v3_a0.35,0,150,8394,30,45,FEASIBLE,time limit with feasible solution,8,71.8996,50000,0.220432,151
r_n150_p0.5_nA30_nB45_i2,heur_semigreedy2s_v3_a0.35,0,150,5525,30,45,FEASIBLE,time limit with feasible solution,5,55.5083,50000,0.257691,229
r_n150_p0.5_nA45_nB30_i2,heur_semigreedy2s_v3_a0.35,0,150,5567,45,30,UNKNOWN,unknown,-1,1.30511,50000,-1,18446744073709551615
r_n150_p0.75_nA30_nB30_i0,heur_semigreedy2s_v3_a0.35,0,150,8394,30,30,FEASIBLE,time limit with feasible solution,8,60.4628,50000,12.2476,10130
r_n150_p0.25_nA30_nB30_i1,heur_semigreedy2s_v3_a0.35,0,150,2834,30,30,FEASIBLE,time limit with feasible solution,3,28.005,50000,0.0133685,22
r_n150_p0.5_nA30_nB30_i2,heur_semigreedy2s_v3_a0.35,0,150,5522,30,30,FEASIBLE,time limit with feasible solution,5,49.4206,50000,0.855807,866
r_n150_p0.5_nA45_nB45_i2,heur_semigreedy2s_v3_a0.35,0,150,5526,45,45,FEASIBLE,time limit with feasible solution,8,97.1384,50000,0.0040655,1
r_n150_p0.5_nA30_nB30_i0,heur_semigreedy2s_v3_a0.35,0,150,5548,30,30,FEASIBLE,time limit with feasible solution,5,51.7183,50000,1.75669,1695
r_n150_p0.25_nA30_nB30_i2,heur_semigreedy2s_v3_a0.35,0,150,2797,30,30,FEASIBLE,time limit with feasible solution,3,27.1168,50000,0.0113266,19
r_n150_p0.5_nA30_nB45_i0,heur_semigreedy2s_v3_a0.35,0,150,5548,30,45,FEASIBLE,time limit with feasible solution,5,54.1375,50000,0.641717,592
r_n150_p0.75_nA45_nB45_i2,heur_semigreedy2s_v3_a0.2,0,150,8347,45,45,FEASIBLE,time limit with feasible solution,13,123.744,50000,0.628673,253
r_n150_p0.5_nA30_nB45_i1,heur_semigreedy2s_v3_a0.2,0,150,5541,30,45,FEASIBLE,time limit with feasible solution,5,50.8321,50000,0.560675,550
r_n150_p0.5_nA45_nB45_i0,heur_semigreedy2s_v3_a0.2,0,150,5548,45,45,FEASIBLE,time limit with feasible solution,8,97.6974,50000,0.674707,344
r_n150_p0.75_nA30_nB45_i2,heur_semigreedy2s_v3_a0.2,0,150,8343,30,45,FEASIBLE,time limit with feasible solution,8,76.2827,50000,0.110464,71
r_n150_p0.75_nA45_nB30_i2,heur_semigreedy2s_v3_a0.2,0,150,8354,45,30,UNKNOWN,unknown,-1,1.62999,50000,-1,18446744073709551615
r_n150_p0.75_nA45_nB30_i1,heur_semigreedy2s_v3_a0.2,0,150,8353,45,30,FEASIBLE,time limit with feasible solution,15,89.1363,50000,0.0857443,46
r_n150_p0.25_nA45_nB45_i2,heur_semigreedy2s_v3_a0.2,0,150,2800,45,45,FEASIBLE,time limit with feasible solution,4,51.0387,50000,23.8781,23390
r_n150_p0.5_nA45_nB45_i1,heur_semigreedy2s_v3_a0.2,0,150,5542,45,45,FEASIBLE,time limit with feasible solution,8,103.232,50000,0.0337899,15
r_n150_p0.25_nA45_nB45_i1,heur_semigreedy2s_v3_a0.2,0,150,2820,45,45,FEASIBLE,time limit with feasible solution,4,55.5153,50000,7.42272,6681
r_n150_p0.5_nA30_nB30_i1,heur_semigreedy2s_v3_a0.2,0,150,5562,30,30,FEASIBLE,time limit with feasible solution,5,52.8206,50000,0.0224051,20
r_n150_p0.25_nA45_nB45_i0,heur_semigreedy2s_v3_a0.2,0,150,2747,45,45,FEASIBLE,time limit with feasible solution,4,51.935,50000,13.4203,12925
r_n150_p0.75_nA45_nB45_i1,heur_semigreedy2s_v3_a0.2,0,150,8352,45,45,FEASIBLE,time limit with feasible solution,12,125.798,50000,5.15663,2061
r_n150_p0.75_nA45_nB45_i0,heur_semigreedy2s_v3_a0.2,0,150,8394,45,45,FEASIBLE,time limit with feasible solution,13,108.395,50000,0.924004,426
r_n150_p0.25_nA45_nB30_i1,heur_semigreedy2s_v3_a0.2,0,150,2822,45,30,FEASIBLE,time limit with feasible solution,5,50.0591,50000,0.177861,176
r_n150_p0.5_nA45_nB30_i0,heur_semigreedy2s_v3_a0.2,0,150,5548,45,30,FEASIBLE,time limit with feasible solution,9,85.1482,50000,0.106294,61
r_n150_p0.25_nA30_nB30_i0,heur_semigreedy2s_v3_a0.2,0,150,2747,30,30,FEASIBLE,time limit with feasible solution,3,27.9479,50000,0.0796142,141
r_n150_p0.75_nA45_nB30_i0,heur_semigreedy2s_v3_a0.2,0,150,8394,45,30,FEASIBLE,time limit with feasible solution,16,21.5314,50000,0.582391,1335
r_n150_p0.25_nA30_nB45_i2,heur_semigreedy2s_v3_a0.2,0,150,2796,30,45,FEASIBLE,time limit with feasible solution,3,28.5014,50000,0.000573508,0
r_n150_p0.5_nA45_nB30_i1,heur_semigreedy2s_v3_a0.2,0,150,5541,45,30,FEASIBLE,time limit with feasible solution,9,82.4522,50000,0.0709389,41
r_n150_p0.75_nA30_nB30_i2,heur_semigreedy2s_v3_a0.2,0,150,8343,30,30,FEASIBLE,time limit with feasible solution,8,61.9452,50000,4.5221,3640
r_n150_p0.25_nA30_nB45_i0,heur_semigreedy2s_v3_a0.2,0,150,2747,30,45,FEASIBLE,time limit with feasible solution,3,28.3238,50000,0.00763246,12
r_n150_p0.25_nA45_nB30_i0,heur_semigreedy2s_v3_a0.2,0,150,2747,45,30,FEASIBLE,time limit with feasible solution,5,52.2395,50000,0.158318,150
r_n150_p0.75_nA30_nB30_i1,heur_semigreedy2s_v3_a0.2,0,150,8408,30,30,FEASIBLE,time limit with feasible solution,8,58.9793,50000,4.92623,4170
r_n150_p0.25_nA45_nB30_i2,heur_semigreedy2s_v3_a0.2,0,150,2794,45,30,FEASIBLE,time limit with feasible solution,5,50.295,50000,0.158711,157
r_n150_p0.75_nA30_nB45_i1,heur_semigreedy2s_v3_a0.2,0,150,8353,30,45,FEASIBLE,time limit with feasible solution,8,71.9992,50000,0.0937657,64
r_n150_p0.25_nA30_nB45_i1,heur_semigreedy2s_v3_a0.2,0,150,2822,30,45,FEASIBLE,time limit with feasible solution,3,28.5809,50000,0.000560127,0
r_n150_p0.75_nA30_nB45_i0,heur_semigreedy2s_v3_a0.2,0,150,8394,30,45,FEASIBLE,time limit with feasible solution,8,69.5576,50000,0.208141,148
r_n150_p0.5_nA30_nB45_i2,heur_semigreedy2s_v3_a0.2,0,150,5525,30,45,FEASIBLE,time limit with feasible solution,5,55.231,50000,0.115843,103
r_n150_p0.5_nA45_nB30_i2,heur_semigreedy2s_v3_a0.2,0,150,5567,45,30,UNKNOWN,unknown,-1,1.29157,50000,-1,18446744073709551615
r_n150_p0.75_nA30_nB30_i0,heur_semigreedy2s_v3_a0.2,0,150,8394,30,30,FEASIBLE,time limit with feasible solution,8,59.9661,50000,23.0396,19199
r_n150_p0.25_nA30_nB30_i1,heur_semigreedy2s_v3_a0.2,0,150,2834,30,30,FEASIBLE,time limit with feasible solution,3,27.801,50000,0.0234681,40
r_n150_p0.5_nA30_nB30_i2,heur_semigreedy2s_v3_a0.2,0,150,5522,30,30,FEASIBLE,time limit with feasible solution,5,49.3188,50000,0.278989,281
r_n150_p0.5_nA45_nB45_i2,heur_semigreedy2s_v3_a0.2,0,150,5526,45,45,FEASIBLE,time limit with feasible solution,8,96.3292,50000,0.0575644,29
r_n150_p0.5_nA30_nB30_i0,heur_semigreedy2s_v3_a0.2,0,150,5548,30,30,FEASIBLE,time limit with feasible solution,5,50.8642,50000,1.12575,1109
r_n150_p0.25_nA30_nB30_i2,heur_semigreedy2s_v3_a0.2,0,150,2797,30,30,FEASIBLE,time limit with feasible solution,3,27.7156,50000,0.00343546,5
r_n150_p0.5_nA30_nB45_i0,heur_semigreedy2s_v3_a0.2,0,150,5548,30,45,FEASIBLE,time limit with feasible solution,5,54.8733,50000,0.102136,91
r_n150_p0.75_nA45_nB45_i2,heur_semigreedy2s_v1_a0.1,0,150,8347,45,45,FEASIBLE,time limit with feasible solution,13,70.8689,50000,0.0104932,6
r_n150_p0.5_nA30_nB45_i1,heur_semigreedy2s_v1_a0.1,0,150,5541,30,45,FEASIBLE,time limit with feasible solution,5,29.5521,50000,0.04917,81
r_n150_p0.5_nA45_nB45_i0,heur_semigreedy2s_v1_a0.1,0,150,5548,45,45,FEASIBLE,time limit with feasible solution,8,54.0893,50000,0.0535133,48
r_n150_p0.75_nA30_nB45_i2,heur_semigreedy2s_v1_a0.1,0,150,8343,30,45,FEASIBLE,time limit with feasible solution,8,41.6945,50000,1.97975,2375
r_n150_p0.75_nA45_nB30_i2,heur_semigreedy2s_v1_a0.1,0,150,8354,45,30,UNKNOWN,unknown,-1,2.09652,50000,-1,18446744073709551615
r_n150_p0.75_nA45_nB30_i1,heur_semigreedy2s_v1_a0.1,0,150,8353,45,30,FEASIBLE,time limit with feasible solution,17,58.113,50000,0.00241734,1
r_n150_p0.25_nA45_nB45_i2,heur_semigreedy2s_v1_a0.1,0,150,2800,45,45,FEASIBLE,time limit with feasible solution,5,29.1193,50000,0.00367245,5
r_n150_p0.5_nA45_nB45_i1,heur_semigreedy2s_v1_a0.1,0,150,5542,45,45,FEASIBLE,time limit with feasible solution,8,53.0123,50000,0.472281,446
r_n150_p0.25_nA45_nB45_i1,heur_semigreedy2s_v1_a0.1,0,150,2820,45,45,FEASIBLE,time limit with feasible solution,5,29.4503,50000,0.000635246,0
r_n150_p0.5_nA30_nB30_i1,heur_semigreedy2s_v1_a0.1,0,150,5562,30,30,FEASIBLE,time limit with feasible solution,6,30.5363,50000,0.554439,906
r_n150_p0.25_nA45_nB45_i0,heur_semigreedy2s_v1_a0.1,0,150,2747,45,45,FEASIBLE,time limit with feasible solution,5,29.8097,50000,0.00371314,5
r_n150_p0.75_nA45_nB45_i1,heur_semigreedy2s_v1_a0.1,0,150,8352,45,45,FEASIBLE,time limit with feasible solution,13,67.4571,50000,9.14768,6776
r_n150_p0.75_nA45_nB45_i0,heur_semigreedy2s_v1_a0.1,0,150,8394,45,45,FEASIBLE,time limit with feasible solution,14,68.6292,50000,0.279738,200
r_n150_p0.25_nA45_nB30_i1,heur_semigreedy2s_v1_a0.1,0,150,2822,45,30,FEASIBLE,time limit with feasible solution,5,28.7075,50000,1.82284,3172
r_n150_p0.5_nA45_nB30_i0,heur_semigreedy2s_v1_a0.1,0,150,5548,45,30,FEASIBLE,time limit with feasible solution,9,48.1924,50000,0.0331803,33
r_n150_p0.25_nA30_nB30_i0,heur_semigreedy2s_v1_a0.1,0,150,2747,30,30,FEASIBLE,time limit with feasible solution,3,17.564,50000,15.048,42845
r_n150_p0.75_nA45_nB30_i0,heur_semigreedy2s_v1_a0.1,0,150,8394,45,30,FEASIBLE,time limit with feasible solution,16,24.7207,50000,3.56228,7156
r_n150_p0.25_nA30_nB45_i2,heur_semigreedy2s_v1_a0.1,0,150,2796,30,45,FEASIBLE,time limit with feasible solution,3,18.3404,50000,0.00270679,6
r_n150_p0.5_nA45_nB30_i1,heur_semigreedy2s_v1_a0.1,0,150,5541,45,30,FEASIBLE,time limit with feasible solution,9,46.5358,50000,0.219341,234
r_n150_p0.75_nA30_nB30_i2,heur_semigreedy2s_v1_a0.1,0,150,8343,30,30,FEASIBLE,time limit with feasible solution,9,38.0164,50000,0.0133728,16
r_n150_p0.25_nA30_nB45_i0,heur_semigreedy2s_v1_a0.1,0,150,2747,30,45,FEASIBLE,time limit with feasible solution,3,17.7872,50000,0.716732,2011
r_n150_p0.25_nA45_nB30_i0,heur_semigreedy2s_v1_a0.1,0,150,2747,45,30,FEASIBLE,time limit with feasible solution,5,29.2921,50000,0.00849631,13
r_n150_p0.75_nA30_nB30_i1,heur_semigreedy2s_v1_a0.1,0,150,8408,30,30,FEASIBLE,time limit with feasible solution,9,36.9618,50000,0.0246368,31
r_n150_p0.25_nA45_nB30_i2,heur_semigreedy2s_v1_a0.1,0,150,2794,45,30,FEASIBLE,time limit with feasible solution,5,28.3378,50000,6.973,12294
r_n150_p0.75_nA30_nB45_i1,heur_semigreedy2s_v1_a0.1,0,150,8353,30,45,FEASIBLE,time limit with feasible solution,8,39.0662,50000,3.59242,4594
r_n150_p0.25_nA30_nB45_i1,heur_semigreedy2s_v1_a0.1,0,150,2822,30,45,FEASIBLE,time limit with feasible solution,3,18.1429,50000,0.0896736,245
r_n150_p0.75_nA30_nB45_i0,heur_semigreedy2s_v1_a0.1,0,150,8394,30,45,FEASIBLE,time limit with feasible solution,8,39.7543,50000,0.450539,564
r_n150_p0.5_nA30_nB45_i2,heur_semigreedy2s_v1_a0.1,0,150,5525,30,45,FEASIBLE,time limit with feasible solution,5,31.0039,50000,0.0364019,57
r_n150_p0.5_nA45_nB30_i2,heur_semigreedy2s_v1_a0.1,0,150,5567,45,30,UNKNOWN,unknown,-1,1.64624,50000,-1,18446744073709551615
r_n150_p0.75_nA30_nB30_i0,heur_semigreedy2s_v1_a0.1,0,150,8394,30,30,FEASIBLE,time limit with feasible solution,9,38.016,50000,0.0538727,69
r_n150_p0.25_nA30_nB30_i1,heur_semigreedy2s_v1_a0.1,0,150,2834,30,30,FEASIBLE,time limit with feasible solution,3,17.3974,50000,2.41729,6934
r_n150_p0.5_nA30_nB30_i2,heur_semigreedy2s_v1_a0.1,0,150,5522,30,30,FEASIBLE,time limit with feasible solution,6,29.527,50000,0.00184481,2
r_n150_p0.5_nA45_nB45_i2,heur_semigreedy2s_v1_a0.1,0,150,5526,45,45,FEASIBLE,time limit with feasible solution,8,54.8292,50000,9.54059,8695
r_n150_p0.5_nA30_nB30_i0,heur_semigreedy2s_v1_a0.1,0,150,5548,30,30,FEASIBLE,time limit with feasible solution,6,30.8722,50000,0.164485,265
r_n150_p0.25_nA30_nB30_i2,heur_semigreedy2s_v1_a0.1,0,150,2797,30,30,FEASIBLE,time limit with feasible solution,3,17.7476,50000,0.00844511,22
r_n150_p0.5_nA30_nB45_i0,heur_semigreedy2s_v1_a0.1,0,150,5548,30,45,FEASIBLE,time limit with feasible solution,5,30.8486,50000,6.59641,10703
r_n150_p0.75_nA45_nB45_i2,heur_semigreedy2s_v1_a0.25,0,150,8347,45,45,FEASIBLE,time limit with feasible solution,13,71.2059,50000,0.010367,6
r_n150_p0.5_nA30_nB45_i1,heur_semigreedy2s_v1_a0.25,0,150,5541,30,45,FEASIBLE,time limit with feasible solution,5,29.8142,50000,0.0183991,29
r_n150_p0.5_nA45_nB45_i0,heur_semigreedy2s_v1_a0.25,0,150,5548,45,45,FEASIBLE,time limit with feasible solution,8,54.2097,50000,0.196867,180
r_n150_p0.75_nA30_nB45_i2,heur_semigreedy2s_v1_a0.25,0,150,8343,30,45,FEASIBLE,time limit with feasible solution,8,42.2021,50000,0.123922,145
r_n150_p0.75_nA45_nB30_i2,heur_semigreedy2s_v1_a0.25,0,150,8354,45,30,UNKNOWN,unknown,-1,2.13148,50000,-1,18446744073709551615
r_n150_p0.75_nA45_nB30_i1,heur_semigreedy2s_v1_a0.25,0,150,8353,45,30,FEASIBLE,time limit with feasible solution,17,57.9277,50000,0.00246601,1
r_n150_p0.25_nA45_nB45_i2,heur_semigreedy2s_v1_a0.25,0,150,2800,45,45,FEASIBLE,time limit with feasible solution,4,29.9738,50000,13.8656,23152
r_n150_p0.5_nA45_nB45_i1,heur_semigreedy2s_v1_a0.25,0,150,5542,45,45,FEASIBLE,time limit with feasible solution,8,53.0385,50000,0.771662,727
r_n150_p0.25_nA45_nB45_i1,heur_semigreedy2s_v1_a0.25,0,150,2820,45,45,FEASIBLE,time limit with feasible solution,5,29.8416,50000,0.00126593,1
r_n150_p0.5_nA30_nB30_i1,heur_semigreedy2s_v1_a0.25,0,150,5562,30,30,FEASIBLE,time limit with feasible solution,6,30.336,50000,0.0144551,22
r_n150_p0.25_nA45_nB45_i0,heur_semigreedy2s_v1_a0.25,0,150,2747,45,45,FEASIBLE,time limit with feasible solution,5,30.6226,50000,0.00188778,2
r_n150_p0.75_nA45_nB45_i1,heur_semigreedy2s_v1_a0.25,0,150,8352,45,45,FEASIBLE,time limit with feasible solution,13,67.6339,50000,0.20358,151
r_n150_p0.75_nA45_nB45_i0,heur_semigreedy2s_v1_a0.25,0,150,8394,45,45,FEASIBLE,time limit with feasible solution,13,69.1084,50000,0.819901,591
r_n150_p0.25_nA45_nB30_i1,heur_semigreedy2s_v1_a0.25,0,150,2822,45,30,FEASIBLE,time limit with feasible solution,5,28.3319,50000,0.0963415,168
r_n150_p0.5_nA45_nB30_i0,heur_semigreedy2s_v1_a0.25,0,150,5548,45,30,FEASIBLE,time limit with feasible solution,9,48.1559,50000,0.63304,658
r_n150_p0.25_nA30_nB30_i0,heur_semigreedy2s_v1_a0.25,0,150,2747,30,30,FEASIBLE,time limit with feasible solution,3,17.9022,50000,0.420659,1174
r_n150_p0.75_nA45_nB30_i0,heur_semigreedy2s_v1_a0.25,0,150,8394,45,30,FEASIBLE,time limit with feasible solution,16,25.1024,50000,3.61533,7155
r_n150_p0.25_nA30_nB45_i2,heur_semigreedy2s_v1_a0.25,0,150,2796,30,45,FEASIBLE,time limit with feasible solution,3,18.0936,50000,0.0169848,45
r_n150_p0.5_nA45_nB30_i1,heur_semigreedy2s_v1_a0.25,0,150,5541,45,30,FEASIBLE,time limit with feasible solution,9,46.4053,50000,0.141652,152
r_n150_p0.75_nA30_nB30_i2,heur_semigreedy2s_v1_a0.25,0,150,8343,30,30,FEASIBLE,time limit with feasible solution,8,38.2511,50000,0.413666,540
r_n150_p0.25_nA30_nB45_i0,heur_semigreedy2s_v1_a0.25,0,150,2747,30,45,FEASIBLE,time limit with feasible solution,3,17.9652,50000,6.56795,18294
r_n150_p0.25_nA45_nB30_i0,heur_semigreedy2s_v1_a0.25,0,150,2747,45,30,FEASIBLE,time limit with feasible solution,5,29.3985,50000,0.0619221,103
r_n150_p0.75_nA30_nB30_i1,heur_semigreedy2s_v1_a0.25,0,150,8408,30,30,FEASIBLE,time limit with feasible solution,8,37.0468,50000,3.37624,4555
r_n150_p0.25_nA45_nB30_i2,heur_semigreedy2s_v1_a0.25,0,150,2794,45,30,FEASIBLE,time limit with feasible solution,5,28.6599,50000,0.249051,431
r_n150_p0.75_nA30_nB45_i1,heur_semigreedy2s_v1_a0.25,0,150,8353,30,45,FEASIBLE,time limit with feasible solution,8,39.2024,50000,1.03251,1313
r_n150_p0.25_nA30_nB45_i1,heur_semigreedy2s_v1_a0.25,0,150,2822,30,45,FEASIBLE,time limit with feasible solution,3,18.5154,50000,0.0232174,60
r_n150_p0.75_nA30_nB45_i0,heur_semigreedy2s_v1_a0.25,0,150,8394,30,45,FEASIBLE,time limit with feasible solution,8,39.923,50000,1.42481,1782
r_n150_p0.5_nA30_nB45_i2,heur_semigreedy2s_v1_a0.25,0,150,5525,30,45,FEASIBLE,time limit with feasible solution,5,30.9004,50000,0.0355411,56
r_n150_p0.5_nA45_nB30_i2,heur_semigreedy2s_v1_a0.25,0,150,5567,45,30,UNKNOWN,unknown,-1,1.64058,50000,-1,18446744073709551615
r_n150_p0.75_nA30_nB30_i0,heur_semigreedy2s_v1_a0.25,0,150,8394,30,30,FEASIBLE,time limit with feasible solution,9,38.1812,50000,0.00863357,10
r_n150_p0.25_nA30_nB30_i1,heur_semigreedy2s_v1_a0.25,0,150,2834,30,30,FEASIBLE,time limit with feasible solution,3,17.6008,50000,0.567863,1615
r_n150_p0.5_nA30_nB30_i2,heur_semigreedy2s_v1_a0.25,0,150,5522,30,30,FEASIBLE,time limit with feasible solution,5,29.6813,50000,11.0543,18629
r_n150_p0.5_nA45_nB45_i2,heur_semigreedy2s_v1_a0.25,0,150,5526,45,45,FEASIBLE,time limit with feasible solution,8,54.822,50000,1.9185,1741
r_n150_p0.5_nA30_nB30_i0,heur_semigreedy2s_v1_a0.25,0,150,5548,30,30,FEASIBLE,time limit with feasible solution,6,30.5917,50000,0.0780395,126
r_n150_p0.25_nA30_nB30_i2,heur_semigreedy2s_v1_a0.25,0,150,2797,30,30,FEASIBLE,time limit with feasible solution,3,17.8909,50000,0.0581863,162
r_n150_p0.5_nA30_nB45_i0,heur_semigreedy2s_v1_a0.25,0,150,5548,30,45,FEASIBLE,time limit with feasible solution,5,31.257,50000,0.294743,470
r_n150_p0.75_nA45_nB45_i2,heur_semigreedy2s_v1_a0.4,0,150,8347,45,45,FEASIBLE,time limit with feasible solution,13,71.3956,50000,0.0104192,6
r_n150_p0.5_nA30_nB45_i1,heur_semigreedy2s_v1_a0.4,0,150,5541,30,45,FEASIBLE,time limit with feasible solution,5,30.0733,50000,0.214754,357
r_n150_p0.5_nA45_nB45_i0,heur_semigreedy2s_v1_a0.4,0,150,5548,45,45,FEASIBLE,time limit with feasible solution,8,54.1167,50000,0.0593198,54
r_n150_p0.75_nA30_nB45_i2,heur_semigreedy2s_v1_a0.4,0,150,8343,30,45,FEASIBLE,time limit with feasible solution,8,42.7169,50000,0.431457,502
r_n150_p0.75_nA45_nB30_i2,heur_semigreedy2s_v1_a0.4,0,150,8354,45,30,UNKNOWN,unknown,-1,2.12896,50000,-1,18446744073709551615
r_n150_p0.75_nA45_nB30_i1,heur_semigreedy2s_v1_a0.4,0,150,8353,45,30,FEASIBLE,time limit with feasible solution,17,58.4115,50000,0.00243242,1
r_n150_p0.25_nA45_nB45_i2,heur_semigreedy2s_v1_a0.4,0,150,2800,45,45,FEASIBLE,time limit with feasible solution,5,29.9635,50000,0.00498727,7
r_n150_p0.5_nA45_nB45_i1,heur_semigreedy2s_v1_a0.4,0,150,5542,45,45,FEASIBLE,time limit with feasible solution,8,53.1218,50000,0.197106,184
r_n150_p0.25_nA45_nB45_i1,heur_semigreedy2s_v1_a0.4,0,150,2820,45,45,FEASIBLE,time limit with feasible solution,5,29.9264,50000,0.00433327,6
r_n150_p0.5_nA30_nB30_i1,heur_semigreedy2s_v1_a0.4,0,150,5562,30,30,FEASIBLE,time limit with feasible solution,6,30.5728,50000,0.0601322,97
r_n150_p0.25_nA45_nB45_i0,heur_semigreedy2s_v1_a0.4,0,150,2747,45,45,FEASIBLE,time limit with feasible solution,5,30.3712,50000,0.000610121,0
r_n150_p0.75_nA45_nB45_i1,heur_semigreedy2s_v1_a0.4,0,150,8352,45,45,FEASIBLE,time limit with feasible solution,13,66.6416,50000,0.8471,624
r_n150_p0.75_nA45_nB45_i0,heur_semigreedy2s_v1_a0.4,0,150,8394,45,45,FEASIBLE,time limit with feasible solution,13,68.9158,50000,38.6233,28004
r_n150_p0.25_nA45_nB30_i1,heur_semigreedy2s_v1_a0.4,0,150,2822,45,30,FEASIBLE,time limit with feasible solution,5,28.4812,50000,0.102349,178
r_n150_p0.5_nA45_nB30_i0,heur_semigreedy2s_v1_a0.4,0,150,5548,45,30,FEASIBLE,time limit with feasible solution,9,48.1434,50000,2.17926,2241
r_n150_p0.25_nA30_nB30_i0,heur_semigreedy2s_v1_a0.4,0,150,2747,30,30,FEASIBLE,time limit with feasible solution,3,17.9826,50000,0.390177,1084
r_n150_p0.75_nA45_nB30_i0,heur_semigreedy2s_v1_a0.4,0,150,8394,45,30,FEASIBLE,time limit with feasible solution,16,24.4729,50000,3.53155,7164
r_n150_p0.25_nA30_nB45_i2,heur_semigreedy2s_v1_a0.4,0,150,2796,30,45,FEASIBLE,time limit with feasible solution,3,18.5384,50000,0.0223027,58
r_n150_p0.5_nA45_nB30_i1,heur_semigreedy2s_v1_a0.4,0,150,5541,45,30,FEASIBLE,time limit with feasible solution,9,46.5276,50000,0.814299,872
r_n150_p0.75_nA30_nB30_i2,heur_semigreedy2s_v1_a0.4,0,150,8343,30,30,FEASIBLE,time limit with feasible solution,8,38.1094,50000,1.21114,1588
r_n150_p0.25_nA30_nB45_i0,heur_semigreedy2s_v1_a0.4,0,150,2747,30,45,FEASIBLE,time limit with feasible solution,3,18.3279,50000,1.60225,4385
r_n150_p0.25_nA45_nB30_i0,heur_semigreedy2s_v1_a0.4,0,150,2747,45,30,FEASIBLE,time limit with feasible solution,5,29.7963,50000,0.0973995,162
r_n150_p0.75_nA30_nB30_i1,heur_semigreedy2s_v1_a0.4,0,150,8408,30,30,FEASIBLE,time limit with feasible solution,8,37.4897,50000,6.09446,8132
r_n150_p0.25_nA45_nB30_i2,heur_semigreedy2s_v1_a0.4,0,150,2794,45,30,FEASIBLE,time limit with feasible solution,5,28.0142,50000,0.38813,690
r_n150_p0.75_nA30_nB45_i1,heur_semigreedy2s_v1_a0.4,0,150,8353,30,45,FEASIBLE,time limit with feasible solution,8,39.2356,50000,0.0765058,96
r_n150_p0.25_nA30_nB45_i1,heur_semigreedy2s_v1_a0.4,0,150,2822,30,45,FEASIBLE,time limit with feasible solution,3,18.59,50000,0.0227922,59
r_n150_p0.75_nA30_nB45_i0,heur_semigreedy2s_v1_a0.4,0,150,8394,30,45,FEASIBLE,time limit with feasible solution,8,40.2118,50000,0.59255,734
r_n150_p0.5_nA30_nB45_i2,heur_semigreedy2s_v1_a0.4,0,150,5525,30,45,FEASIBLE,time limit with feasible solution,5,31.1637,50000,0.296121,473
r_n150_p0.5_nA45_nB30_i2,heur_semigreedy2s_v1_a0.4,0,150,5567,45,30,UNKNOWN,unknown,-1,1.64314,50000,-1,18446744073709551615
r_n150_p0.75_nA30_nB30_i0,heur_semigreedy2s_v1_a0.4,0,150,8394,30,30,FEASIBLE,time limit with feasible solution,9,38.2744,50000,0.0956155,123
r_n150_p0.25_nA30_nB30_i1,heur_semigreedy2s_v1_a0.4,0,150,2834,30,30,FEASIBLE,time limit with feasible solution,3,17.6216,50000,3.608,10238
r_n150_p0.5_nA30_nB30_i2,heur_semigreedy2s_v1_a0.4,0,150,5522,30,30,FEASIBLE,time limit with feasible solution,5,29.7656,50000,6.5328,10989
r_n150_p0.5_nA45_nB45_i2,heur_semigreedy2s_v1_a0.4,0,150,5526,45,45,FEASIBLE,time limit with feasible solution,8,54.9543,50000,4.62439,4201
r_n150_p0.5_nA30_nB30_i0,heur_semigreedy2s_v1_a0.4,0,150,5548,30,30,FEASIBLE,time limit with feasible solution,6,30.9044,50000,0.0459193,72
r_n150_p0.25_nA30_nB30_i2,heur_semigreedy2s_v1_a0.4,0,150,2797,30,30,FEASIBLE,time limit with feasible solution,3,17.8028,50000,0.0112997,30
r_n150_p0.5_nA30_nB45_i0,heur_semigreedy2s_v1_a0.4,0,150,5548,30,45,FEASIBLE,time limit with feasible solution,5,31.4951,50000,6.62451,10525
r_n150_p0.75_nA45_nB45_i2,heur_semigreedy2s_v1_a0.3,0,150,8347,45,45,FEASIBLE,time limit with feasible solution,13,71.462,50000,0.0103061,6
r_n150_p0.5_nA30_nB45_i1,heur_semigreedy2s_v1_a0.3,0,150,5541,30,45,FEASIBLE,time limit with feasible solution,5,29.8308,50000,0.0438821,72
r_n150_p0.5_nA45_nB45_i0,heur_semigreedy2s_v1_a0.3,0,150,5548,45,45,FEASIBLE,time limit with feasible solution,8,54.1267,50000,0.234387,216
r_n150_p0.75_nA30_nB45_i2,heur_semigreedy2s_v1_a0.3,0,150,8343,30,45,FEASIBLE,time limit with feasible solution,8,42.6034,50000,1.65728,1942
r_n150_p0.75_nA45_nB30_i2,heur_semigreedy2s_v1_a0.3,0,150,8354,45,30,UNKNOWN,unknown,-1,2.12058,50000,-1,18446744073709551615
r_n150_p0.75_nA45_nB30_i1,heur_semigreedy2s_v1_a0.3,0,150,8353,45,30,FEASIBLE,time limit with feasible solution,17,58.0852,50000,0.00245795,1
r_n150_p0.25_nA45_nB45_i2,heur_semigreedy2s_v1_a0.3,0,150,2800,45,45,FEASIBLE,time limit with feasible solution,5,29.9937,50000,0.00253324,3
r_n150_p0.5_nA45_nB45_i1,heur_semigreedy2s_v1_a0.3,0,150,5542,45,45,FEASIBLE,time limit with feasible solution,8,53.0403,50000,0.216821,203
r_n150_p0.25_nA45_nB45_i1,heur_semigreedy2s_v1_a0.3,0,150,2820,45,45,FEASIBLE,time limit with feasible solution,5,29.5803,50000,0.00557854,8
r_n150_p0.5_nA30_nB30_i1,heur_semigreedy2s_v1_a0.3,0,150,5562,30,30,FEASIBLE,time limit with feasible solution,6,30.5088,50000,0.280974,460
r_n150_p0.25_nA45_nB45_i0,heur_semigreedy2s_v1_a0.3,0,150,2747,45,45,FEASIBLE,time limit with feasible solution,5,30.7017,50000,0.00189654,2
r_n150_p0.75_nA45_nB45_i1,heur_semigreedy2s_v1_a0.3,0,150,8352,45,45,FEASIBLE,time limit with feasible solution,13,67.4949,50000,0.849924,633
r_n150_p0.75_nA45_nB45_i0,heur_semigreedy2s_v1_a0.3,0,150,8394,45,45,FEASIBLE,time limit with feasible solution,14,68.825,50000,0.134586,96
r_n150_p0.25_nA45_nB30_i1,heur_semigreedy2s_v1_a0.3,0,150,2822,45,30,FEASIBLE,time limit with feasible solution,5,28.1979,50000,0.51619,913
r_n150_p0.5_nA45_nB30_i0,heur_semigreedy2s_v1_a0.3,0,150,5548,45,30,FEASIBLE,time limit with feasible solution,9,48.1015,50000,0.431214,445
r_n150_p0.25_nA30_nB30_i0,heur_semigreedy2s_v1_a0.3,0,150,2747,30,30,FEASIBLE,time limit with feasible solution,3,17.8556,50000,1.47489,4138
r_n150_p0.75_nA45_nB30_i0,heur_semigreedy2s_v1_a0.3,0,150,8394,45,30,FEASIBLE,time limit with feasible solution,16,24.5867,50000,3.54226,7163
r_n150_p0.25_nA30_nB45_i2,heur_semigreedy2s_v1_a0.3,0,150,2796,30,45,FEASIBLE,time limit with feasible solution,3,18.5608,50000,0.0164669,42
r_n150_p0.5_nA45_nB30_i1,heur_semigreedy2s_v1_a0.3,0,150,5541,45,30,FEASIBLE,time limit with feasible solution,9,46.6601,50000,0.335746,359
r_n150_p0.75_nA30_nB30_i2,heur_semigreedy2s_v1_a0.3,0,150,8343,30,30,FEASIBLE,time limit with feasible solution,8,37.9668,50000,13.2622,17453
r_n150_p0.25_nA30_nB45_i0,heur_semigreedy2s_v1_a0.3,0,150,2747,30,45,FEASIBLE,time limit with feasible solution,3,18.1515,50000,6.27367,17296
r_n150_p0.25_nA45_nB30_i0,heur_semigreedy2s_v1_a0.3,0,150,2747,45,30,FEASIBLE,time limit with feasible solution,5,29.4594,50000,0.0139546,22
r_n150_p0.75_nA30_nB30_i1,heur_semigreedy2s_v1_a0.3,0,150,8408,30,30,FEASIBLE,time limit with feasible solution,8,37.2493,50000,24.6389,33081
r_n150_p0.25_nA45_nB30_i2,heur_semigreedy2s_v1_a0.3,0,150,2794,45,30,FEASIBLE,time limit with feasible solution,5,28.227,50000,7.38261,13049
r_n150_p0.75_nA30_nB45_i1,heur_semigreedy2s_v1_a0.3,0,150,8353,30,45,FEASIBLE,time limit with feasible solution,8,39.102,50000,0.380019,484
r_n150_p0.25_nA30_nB45_i1,heur_semigreedy2s_v1_a0.3,0,150,2822,30,45,FEASIBLE,time limit with feasible solution,3,18.444,50000,0.0365912,97
r_n150_p0.75_nA30_nB45_i0,heur_semigreedy2s_v1_a0.3,0,150,8394,30,45,FEASIBLE,time limit with feasible solution,8,39.8594,50000,0.655981,818
r_n150_p0.5_nA30_nB45_i2,heur_semigreedy2s_v1_a0.3,0,150,5525,30,45,FEASIBLE,time limit with feasible solution,5,30.9505,50000,0.00833237,12
r_n150_p0.5_nA45_nB30_i2,heur_semigreedy2s_v1_a0.3,0,150,5567,45,30,UNKNOWN,unknown,-1,1.66563,50000,-1,18446744073709551615
r_n150_p0.75_nA30_nB30_i0,heur_semigreedy2s_v1_a0.3,0,150,8394,30,30,FEASIBLE,time limit with feasible solution,9,38.4581,50000,0.00970238,11
r_n150_p0.25_nA30_nB30_i1,heur_semigreedy2s_v1_a0.3,0,150,2834,30,30,FEASIBLE,time limit with feasible solution,3,17.4099,50000,0.219862,630
r_n150_p0.5_nA30_nB30_i2,heur_semigreedy2s_v1_a0.3,0,150,5522,30,30,FEASIBLE,time limit with feasible solution,5,29.7532,50000,6.21115,10471
r_n150_p0.5_nA45_nB45_i2,heur_semigreedy2s_v1_a0.3,0,150,5526,45,45,FEASIBLE,time limit with feasible solution,8,54.7708,50000,5.65232,5163
r_n150_p0.5_nA30_nB30_i0,heur_semigreedy2s_v1_a0.3,0,150,5548,30,30,FEASIBLE,time limit with feasible solution,6,31.2791,50000,0.0772654,122
r_n150_p0.25_nA30_nB30_i2,heur_semigreedy2s_v1_a0.3,0,150,2797,30,30,FEASIBLE,time limit with feasible solution,3,17.7225,50000,0.0359092,100
r_n150_p0.5_nA30_nB45_i0,heur_semigreedy2s_v1_a0.3,0,150,5548,30,45,FEASIBLE,time limit with feasible solution,5,31.4613,50000,1.00838,1604
r_n150_p0.75_nA45_nB45_i2,heur_semigreedy2s_v1_a0.15,0,150,8347,45,45,FEASIBLE,time limit with feasible solution,13,71.0397,50000,0.0103649,6
r_n150_p0.5_nA30_nB45_i1,heur_semigreedy2s_v1_a0.15,0,150,5541,30,45,FEASIBLE,time limit with feasible solution,5,29.4692,50000,0.013491,21
r_n150_p0.5_nA45_nB45_i0,heur_semigreedy2s_v1_a0.15,0,150,5548,45,45,FEASIBLE,time limit with feasible solution,8,54.2787,50000,0.0497073,44
r_n150_p0.75_nA30_nB45_i2,heur_semigreedy2s_v1_a0.15,0,150,8343,30,45,FEASIBLE,time limit with feasible solution,8,41.8499,50000,1.18466,1413
r_n150_p0.75_nA45_nB30_i2,heur_semigreedy2s_v1_a0.15,0,150,8354,45,30,UNKNOWN,unknown,-1,2.10996,50000,-1,18446744073709551615
r_n150_p0.75_nA45_nB30_i1,heur_semigreedy2s_v1_a0.15,0,150,8353,45,30,FEASIBLE,time limit with feasible solution,17,58.2608,50000,0.00242523,1
r_n150_p0.25_nA45_nB45_i2,heur_semigreedy2s_v1_a0.15,0,150,2800,45,45,FEASIBLE,time limit with feasible solution,5,30.7105,50000,0.0019013,2
r_n150_p0.5_nA45_nB45_i1,heur_semigreedy2s_v1_a0.15,0,150,5542,45,45,FEASIBLE,time limit with feasible solution,8,52.727,50000,0.0719931,67
r_n150_p0.25_nA45_nB45_i1,heur_semigreedy2s_v1_a0.15,0,150,2820,45,45,FEASIBLE,time limit with feasible solution,5,29.7305,50000,0.000609601,0
r_n150_p0.5_nA30_nB30_i1,heur_semigreedy2s_v1_a0.15,0,150,5562,30,30,FEASIBLE,time limit with feasible solution,6,30.5455,50000,0.104446,170
r_n150_p0.25_nA45_nB45_i0,heur_semigreedy2s_v1_a0.15,0,150,2747,45,45,FEASIBLE,time limit with feasible solution,5,30.7402,50000,0.000668107,0
r_n150_p0.75_nA45_nB45_i1,heur_semigreedy2s_v1_a0.15,0,150,8352,45,45,FEASIBLE,time limit with feasible solution,13,67.5216,50000,0.170464,127
r_n150_p0.75_nA45_nB45_i0,heur_semigreedy2s_v1_a0.15,0,150,8394,45,45,FEASIBLE,time limit with feasible solution,14,68.5124,50000,0.109713,78
r_n150_p0.25_nA45_nB30_i1,heur_semigreedy2s_v1_a0.15,0,150,2822,45,30,FEASIBLE,time limit with feasible solution,5,28.9655,50000,1.96736,3400
r_n150_p0.5_nA45_nB30_i0,heur_semigreedy2s_v1_a0.15,0,150,5548,45,30,FEASIBLE,time limit with feasible solution,9,48.2265,50000,1.05998,1103
r_n150_p0.25_nA30_nB30_i0,heur_semigreedy2s_v1_a0.15,0,150,2747,30,30,FEASIBLE,time limit with feasible solution,3,17.8361,50000,2.94397,8268
r_n150_p0.75_nA45_nB30_i0,heur_semigreedy2s_v1_a0.15,0,150,8394,45,30,FEASIBLE,time limit with feasible solution,16,24.6141,50000,3.54812,7156
r_n150_p0.25_nA30_nB45_i2,heur_semigreedy2s_v1_a0.15,0,150,2796,30,45,FEASIBLE,time limit with feasible solution,3,17.914,50000,0.00745447,19
r_n150_p0.5_nA45_nB30_i1,heur_semigreedy2s_v1_a0.15,0,150,5541,45,30,FEASIBLE,time limit with feasible solution,9,46.7869,50000,0.135663,145
r_n150_p0.75_nA30_nB30_i2,heur_semigreedy2s_v1_a0.15,0,150,8343,30,30,FEASIBLE,time limit with feasible solution,8,38.0429,50000,1.03875,1361
r_n150_p0.25_nA30_nB45_i0,heur_semigreedy2s_v1_a0.15,0,150,2747,30,45,FEASIBLE,time limit with feasible solution,3,17.8671,50000,0.184698,515
r_n150_p0.25_nA45_nB30_i0,heur_semigreedy2s_v1_a0.15,0,150,2747,45,30,FEASIBLE,time limit with feasible solution,5,29.3725,50000,0.00669454,10
r_n150_p0.75_nA30_nB30_i1,heur_semigreedy2s_v1_a0.15,0,150,8408,30,30,FEASIBLE,time limit with feasible solution,9,36.7288,50000,0.00924232,11
r_n150_p0.25_nA45_nB30_i2,heur_semigreedy2s_v1_a0.15,0,150,2794,45,30,FEASIBLE,time limit with feasible solution,5,28.1396,50000,15.4435,27460
r_n150_p0.75_nA30_nB45_i1,heur_semigreedy2s_v1_a0.15,0,150,8353,30,45,FEASIBLE,time limit with feasible solution,8,39.1363,50000,1.63097,2089
r_n150_p0.25_nA30_nB45_i1,heur_semigreedy2s_v1_a0.15,0,150,2822,30,45,FEASIBLE,time limit with feasible solution,3,18.3949,50000,0.00193337,4
r_n150_p0.75_nA30_nB45_i0,heur_semigreedy2s_v1_a0.15,0,150,8394,30,45,FEASIBLE,time limit with feasible solution,8,39.6779,50000,0.128793,160
r_n150_p0.5_nA30_nB45_i2,heur_semigreedy2s_v1_a0.15,0,150,5525,30,45,FEASIBLE,time limit with feasible solution,5,30.7685,50000,0.125174,202
r_n150_p0.5_nA45_nB30_i2,heur_semigreedy2s_v1_a0.15,0,150,5567,45,30,UNKNOWN,unknown,-1,1.65744,50000,-1,18446744073709551615
r_n150_p0.75_nA30_nB30_i0,heur_semigreedy2s_v1_a0.15,0,150,8394,30,30,FEASIBLE,time limit with feasible solution,8,38.3593,50000,16.8921,22013
r_n150_p0.25_nA30_nB30_i1,heur_semigreedy2s_v1_a0.15,0,150,2834,30,30,FEASIBLE,time limit with feasible solution,3,17.3221,50000,10.1852,29408
r_n150_p0.5_nA30_nB30_i2,heur_semigreedy2s_v1_a0.15,0,150,5522,30,30,FEASIBLE,time limit with feasible solution,6,29.9324,50000,0.0219925,35
r_n150_p0.5_nA45_nB45_i2,heur_semigreedy2s_v1_a0.15,0,150,5526,45,45,FEASIBLE,time limit with feasible solution,8,54.7338,50000,2.18107,1984
r_n150_p0.5_nA30_nB30_i0,heur_semigreedy2s_v1_a0.15,0,150,5548,30,30,FEASIBLE,time limit with feasible solution,6,30.3246,50000,0.044463,72
r_n150_p0.25_nA30_nB30_i2,heur_semigreedy2s_v1_a0.15,0,150,2797,30,30,FEASIBLE,time limit with feasible solution,3,17.7138,50000,0.0367117,102
r_n150_p0.5_nA30_nB45_i0,heur_semigreedy2s_v1_a0.15,0,150,5548,30,45,FEASIBLE,time limit with feasible solution,5,31.1049,50000,0.283782,455
r_n150_p0.75_nA45_nB45_i2,heur_semigreedy2s_v1_a0.35,0,150,8347,45,45,FEASIBLE,time limit with feasible solution,13,71.2726,50000,0.0105095,6
r_n150_p0.5_nA30_nB45_i1,heur_semigreedy2s_v1_a0.35,0,150,5541,30,45,FEASIBLE,time limit with feasible solution,5,30.1757,50000,0.0541674,88
r_n150_p0.5_nA45_nB45_i0,heur_semigreedy2s_v1_a0.35,0,150,5548,45,45,FEASIBLE,time limit with feasible solution,8,54.0579,50000,0.271416,250
r_n150_p0.75_nA30_nB45_i2,heur_semigreedy2s_v1_a0.35,0,150,8343,30,45,FEASIBLE,time limit with feasible solution,8,42.892,50000,0.41498,483
r_n150_p0.75_nA45_nB30_i2,heur_semigreedy2s_v1_a0.35,0,150,8354,45,30,UNKNOWN,unknown,-1,2.1144,50000,-1,18446744073709551615
r_n150_p0.75_nA45_nB30_i1,heur_semigreedy2s_v1_a0.35,0,150,8353,45,30,FEASIBLE,time limit with feasible solution,17,58.5224,50000,0.00247895,1
r_n150_p0.25_nA45_nB45_i2,heur_semigreedy2s_v1_a0.35,0,150,2800,45,45,FEASIBLE,time limit with feasible solution,5,29.8971,50000,0.00187458,2
r_n150_p0.5_nA45_nB45_i1,heur_semigreedy2s_v1_a0.35,0,150,5542,45,45,FEASIBLE,time limit with feasible solution,8,52.9284,50000,0.749042,707
r_n150_p0.25_nA45_nB45_i1,heur_semigreedy2s_v1_a0.35,0,150,2820,45,45,FEASIBLE,time limit with feasible solution,4,29.997,50000,5.70721,9520
r_n150_p0.5_nA30_nB30_i1,heur_semigreedy2s_v1_a0.35,0,150,5562,30,30,FEASIBLE,time limit with feasible solution,6,30.6734,50000,0.0394029,63
r_n150_p0.25_nA45_nB45_i0,heur_semigreedy2s_v1_a0.35,0,150,2747,45,45,FEASIBLE,time limit with feasible solution,4,30.6189,50000,2.53018,4128
r_n150_p0.75_nA45_nB45_i1,heur_semigreedy2s_v1_a0.35,0,150,8352,45,45,FEASIBLE,time limit with feasible solution,13,67.0687,50000,0.126976,92
r_n150_p0.75_nA45_nB45_i0,heur_semigreedy2s_v1_a0.35,0,150,8394,45,45,FEASIBLE,time limit with feasible solution,13,68.3872,50000,8.50001,6212
r_n150_p0.25_nA45_nB30_i1,heur_semigreedy2s_v1_a0.35,0,150,2822,45,30,FEASIBLE,time limit with feasible solution,5,28.7504,50000,0.201347,348
r_n150_p0.5_nA45_nB30_i0,heur_semigreedy2s_v1_a0.35,0,150,5548,45,30,FEASIBLE,time limit with feasible solution,9,48.0409,50000,0.454683,475
r_n150_p0.25_nA30_nB30_i0,heur_semigreedy2s_v1_a0.35,0,150,2747,30,30,FEASIBLE,time limit with feasible solution,3,17.9756,50000,0.652381,1813
r_n150_p0.75_nA45_nB30_i0,heur_semigreedy2s_v1_a0.35,0,150,8394,45,30,FEASIBLE,time limit with feasible solution,16,24.4613,50000,3.53045,7164
r_n150_p0.25_nA30_nB45_i2,heur_semigreedy2s_v1_a0.35,0,150,2796,30,45,FEASIBLE,time limit with feasible solution,3,18.3142,50000,0.00421373,10
r_n150_p0.5_nA45_nB30_i1,heur_semigreedy2s_v1_a0.35,0,150,5541,45,30,FEASIBLE,time limit with feasible solution,9,46.6587,50000,2.76278,2972
r_n150_p0.75_nA30_nB30_i2,heur_semigreedy2s_v1_a0.35,0,150,8343,30,30,FEASIBLE,time limit with feasible solution,8,38.2498,50000,0.963358,1259
r_n150_p0.25_nA30_nB45_i0,heur_semigreedy2s_v1_a0.35,0,150,2747,30,45,FEASIBLE,time limit with feasible solution,3,18.0052,50000,4.22277,11744
r_n150_p0.25_nA45_nB30_i0,heur_semigreedy2s_v1_a0.35,0,150,2747,45,30,FEASIBLE,time limit with feasible solution,5,29.0312,50000,0.195784,335
r_n150_p0.75_nA30_nB30_i1,heur_semigreedy2s_v1_a0.35,0,150,8408,30,30,FEASIBLE,time limit with feasible solution,8,37.1713,50000,3.27721,4394
r_n150_p0.25_nA45_nB30_i2,heur_semigreedy2s_v1_a0.35,0,150,2794,45,30,FEASIBLE,time limit with feasible solution,5,28.0488,50000,0.0457364,78
r_n150_p0.75_nA30_nB45_i1,heur_semigreedy2s_v1_a0.35,0,150,8353,30,45,FEASIBLE,time limit with feasible solution,8,39.2797,50000,0.486882,617
r_n150_p0.25_nA30_nB45_i1,heur_semigreedy2s_v1_a0.35,0,150,2822,30,45,FEASIBLE,time limit with feasible solution,3,18.5405,50000,0.0625556,165
r_n150_p0.75_nA30_nB45_i0,heur_semigreedy2s_v1_a0.35,0,150,8394,30,45,FEASIBLE,time limit with feasible solution,8,40.1747,50000,0.268243,331
r_n150_p0.5_nA30_nB45_i2,heur_semigreedy2s_v1_a0.35,0,150,5525,30,45,FEASIBLE,time limit with feasible solution,5,31.0566,50000,0.222998,358
r_n150_p0.5_nA45_nB30_i2,heur_semigreedy2s_v1_a0.35,0,150,5567,45,30,UNKNOWN,unknown,-1,1.63766,50000,-1,18446744073709551615
r_n150_p0.75_nA30_nB30_i0,heur_semigreedy2s_v1_a0.35,0,150,8394,30,30,FEASIBLE,time limit with feasible solution,9,38.2667,50000,0.00947979,11
r_n150_p0.25_nA30_nB30_i1,heur_semigreedy2s_v1_a0.35,0,150,2834,30,30,FEASIBLE,time limit with feasible solution,3,17.6743,50000,0.202581,570
r_n150_p0.5_nA30_nB30_i2,heur_semigreedy2s_v1_a0.35,0,150,5522,30,30,FEASIBLE,time limit with feasible solution,6,29.7848,50000,0.00309582,4
r_n150_p0.5_nA45_nB45_i2,heur_semigreedy2s_v1_a0.35,0,150,5526,45,45,FEASIBLE,time limit with feasible solution,8,55.0458,50000,0.283832,256
r_n150_p0.5_nA30_nB30_i0,heur_semigreedy2s_v1_a0.35,0,150,5548,30,30,FEASIBLE,time limit with feasible solution,5,30.8873,50000,2.54291,4112
r_n150_p0.25_nA30_nB30_i2,heur_semigreedy2s_v1_a0.35,0,150,2797,30,30,FEASIBLE,time limit with feasible solution,3,17.8447,50000,0.0638968,178
r_n150_p0.5_nA30_nB45_i0,heur_semigreedy2s_v1_a0.35,0,150,5548,30,45,FEASIBLE,time limit with feasible solution,5,31.4856,50000,1.18358,1885
r_n150_p0.75_nA45_nB45_i2,heur_semigreedy2s_v1_a0.2,0,150,8347,45,45,FEASIBLE,time limit with feasible solution,13,71.1262,50000,0.0104557,6
r_n150_p0.5_nA30_nB45_i1,heur_semigreedy2s_v1_a0.2,0,150,5541,30,45,FEASIBLE,time limit with feasible solution,5,29.6964,50000,0.0477702,79
r_n150_p0.5_nA45_nB45_i0,heur_semigreedy2s_v1_a0.2,0,150,5548,45,45,FEASIBLE,time limit with feasible solution,8,54.0855,50000,0.360657,334
r_n150_p0.75_nA30_nB45_i2,heur_semigreedy2s_v1_a0.2,0,150,8343,30,45,FEASIBLE,time limit with feasible solution,8,41.956,50000,0.144662,171
r_n150_p0.75_nA45_nB30_i2,heur_semigreedy2s_v1_a0.2,0,150,8354,45,30,UNKNOWN,unknown,-1,2.11947,50000,-1,18446744073709551615
r_n150_p0.75_nA45_nB30_i1,heur_semigreedy2s_v1_a0.2,0,150,8353,45,30,FEASIBLE,time limit with feasible solution,17,58.0967,50000,0.00241883,1
r_n150_p0.25_nA45_nB45_i2,heur_semigreedy2s_v1_a0.2,0,150,2800,45,45,FEASIBLE,time limit with feasible solution,5,29.6632,50000,0.0104502,16
r_n150_p0.5_nA45_nB45_i1,heur_semigreedy2s_v1_a0.2,0,150,5542,45,45,FEASIBLE,time limit with feasible solution,8,53.0355,50000,0.124328,116
r_n150_p0.25_nA45_nB45_i1,heur_semigreedy2s_v1_a0.2,0,150,2820,45,45,FEASIBLE,time limit with feasible solution,5,29.4441,50000,0.000603038,0
r_n150_p0.5_nA30_nB30_i1,heur_semigreedy2s_v1_a0.2,0,150,5562,30,30,FEASIBLE,time limit with feasible solution,6,30.7097,50000,0.00378487,5
r_n150_p0.25_nA45_nB45_i0,heur_semigreedy2s_v1_a0.2,0,150,2747,45,45,FEASIBLE,time limit with feasible solution,5,31.0976,50000,0.00190687,2
r_n150_p0.75_nA45_nB45_i1,heur_semigreedy2s_v1_a0.2,0,150,8352,45,45,FEASIBLE,time limit with feasible solution,13,67.3388,50000,2.16541,1615
r_n150_p0.75_nA45_nB45_i0,heur_semigreedy2s_v1_a0.2,0,150,8394,45,45,FEASIBLE,time limit with feasible solution,13,69.0282,50000,33.1059,23944
r_n150_p0.25_nA45_nB30_i1,heur_semigreedy2s_v1_a0.2,0,150,2822,45,30,FEASIBLE,time limit with feasible solution,5,28.3127,50000,0.404352,711
r_n150_p0.5_nA45_nB30_i0,heur_semigreedy2s_v1_a0.2,0,150,5548,45,30,FEASIBLE,time limit with feasible solution,9,48.1543,50000,1.69101,1766
r_n150_p0.25_nA30_nB30_i0,heur_semigreedy2s_v1_a0.2,0,150,2747,30,30,FEASIBLE,time limit with feasible solution,3,17.671,50000,1.09452,3105
r_n150_p0.75_nA45_nB30_i0,heur_semigreedy2s_v1_a0.2,0,150,8394,45,30,FEASIBLE,time limit with feasible solution,16,24.6777,50000,3.55073,7156
r_n150_p0.25_nA30_nB45_i2,heur_semigreedy2s_v1_a0.2,0,150,2796,30,45,FEASIBLE,time limit with feasible solution,3,18.2707,50000,0.00793264,20
r_n150_p0.5_nA45_nB30_i1,heur_semigreedy2s_v1_a0.2,0,150,5541,45,30,FEASIBLE,time limit with feasible solution,9,46.4981,50000,0.0169228,17
r_n150_p0.75_nA30_nB30_i2,heur_semigreedy2s_v1_a0.2,0,150,8343,30,30,FEASIBLE,time limit with feasible solution,8,38.0062,50000,1.14171,1503
r_n150_p0.25_nA30_nB45_i0,heur_semigreedy2s_v1_a0.2,0,150,2747,30,45,FEASIBLE,time limit with feasible solution,3,17.8452,50000,3.95817,11155
r_n150_p0.25_nA45_nB30_i0,heur_semigreedy2s_v1_a0.2,0,150,2747,45,30,FEASIBLE,time limit with feasible solution,5,29.577,50000,0.0366313,60
r_n150_p0.75_nA30_nB30_i1,heur_semigreedy2s_v1_a0.2,0,150,8408,30,30,FEASIBLE,time limit with feasible solution,9,37.1031,50000,0.00692656,8
r_n150_p0.25_nA45_nB30_i2,heur_semigreedy2s_v1_a0.2,0,150,2794,45,30,FEASIBLE,time limit with feasible solution,5,28.2494,50000,7.18619,12730
r_n150_p0.75_nA30_nB45_i1,heur_semigreedy2s_v1_a0.2,0,150,8353,30,45,FEASIBLE,time limit with feasible solution,8,39.1743,50000,0.207133,263
r_n150_p0.25_nA30_nB45_i1,heur_semigreedy2s_v1_a0.2,0,150,2822,30,45,FEASIBLE,time limit with feasible solution,3,18.2544,50000,0.0219587,58
r_n150_p0.75_nA30_nB45_i0,heur_semigreedy2s_v1_a0.2,0,150,8394,30,45,FEASIBLE,time limit with feasible solution,8,39.6265,50000,0.363596,456
r_n150_p0.5_nA30_nB45_i2,heur_semigreedy2s_v1_a0.2,0,150,5525,30,45,FEASIBLE,time limit with feasible solution,5,30.6945,50000,0.25414,414
r_n150_p0.5_nA45_nB30_i2,heur_semigreedy2s_v1_a0.2,0,150,5567,45,30,UNKNOWN,unknown,-1,1.65424,50000,-1,18446744073709551615
r_n150_p0.75_nA30_nB30_i0,heur_semigreedy2s_v1_a0.2,0,150,8394,30,30,FEASIBLE,time limit with feasible solution,9,38.1702,50000,0.0361573,46
r_n150_p0.25_nA30_nB30_i1,heur_semigreedy2s_v1_a0.2,0,150,2834,30,30,FEASIBLE,time limit with feasible solution,3,17.463,50000,2.23173,6403
r_n150_p0.5_nA30_nB30_i2,heur_semigreedy2s_v1_a0.2,0,150,5522,30,30,FEASIBLE,time limit with feasible solution,6,29.9111,50000,0.0146422,23
r_n150_p0.5_nA45_nB45_i2,heur_semigreedy2s_v1_a0.2,0,150,5526,45,45,FEASIBLE,time limit with feasible solution,8,54.5008,50000,2.0885,1913
r_n150_p0.5_nA30_nB30_i0,heur_semigreedy2s_v1_a0.2,0,150,5548,30,30,FEASIBLE,time limit with feasible solution,6,30.8179,50000,0.271522,441
r_n150_p0.25_nA30_nB30_i2,heur_semigreedy2s_v1_a0.2,0,150,2797,30,30,FEASIBLE,time limit with feasible solution,3,17.6929,50000,0.0640249,180
r_n150_p0.5_nA30_nB45_i0,heur_semigreedy2s_v1_a0.2,0,150,5548,30,45,FEASIBLE,time limit with feasible solution,5,31.1586,50000,0.561211,899
